plataforma,url
spotify,https://open.spotify.com/intl-es/album/0HXWfZZJrDq3mfWapJofne?si=mxszy3OyRvuGpBnNA8oeMw
spotify,https://open.spotify.com/album/2QtfzpFkUApPme9Vk892Ed?si=UmthJz-oR5azlrmpz4ObFg
spotify,https://open.spotify.com/album/3xoAUqjKs7Ps7wR26VAMbq?si=8O6MhZfkTzeeERTC15tkUg
spotify,https://open.spotify.com/album/01TXLHVDAd53Nr0YBSas2N?si=ideJoSAqRZ6BPchft3hXDQ
spotify,https://open.spotify.com/album/5GhfhlP4kbpBQvtRIM2HXD?si=3LBXrYfcQBGwxksj3xKwng
spotify,https://open.spotify.com/album/0iwlt807JrlABFm1qh1Y6P?si=l1VKy_3BRnmadVOVNysMvA
spotify,https://open.spotify.com/intl-es/album/3y1aPtqR1BkUXAaOUoDCRo?si=ZPlgkXwkSiCWKii0F9IXBg
spotify,https://open.spotify.com/album/2LyWjvHUYoZm7ZSMfNjxk4?si=ELCPkV8qSUaeZlVR42k9lw
spotify,https://open.spotify.com/album/7q4FDjboZh9zLPRqIxdWng?si=88caQ7IDTxCYMRoF3zgNdA&utm_source=copy-link
spotify,https://open.spotify.com/album/3Gt7rOjcZQoHCfnKl5AkK7?si=8gnqcCiGQ662zm4jKLV5zQ
spotify,https://open.spotify.com/album/4gQalZNL9vDaIu2FkTjaiO?si=aGSfYGrpRLWHefqqU_w7BQ
spotify,https://open.spotify.com/album/3IihBaVyQm7O3rV0eQHMPC?si=Ljtk6pdhQy2t_V28cIyCPA&utm_source=whatsapp
spotify,https://open.spotify.com/album/4IEK2cahs8y3gr2lKWz2pU?si=Wb5G2kafR561yNSmLDdFmw
spotify,https://open.spotify.com/album/5EiRDv79Qt5qdfF88s0Ib4?si=CSP5ggxtSl-kiQe7QMXEMQ
spotify,https://open.spotify.com/album/1zcm3UvHNHpseYOUfd0pna?si=nQ6wRTEkSY6_IbsPRVrCmA&utm_source=copy-link
spotify,https://open.spotify.com/album/4iLo2HykYzbHw6MWSTg4vp?si=gWdtj3C6RO6SmVcs5gPjow&utm_source=copy-link
spotify,https://open.spotify.com/album/6Q8hFdN3wtEDYSvvpONyDh?si=SKgS7kNAQsics_rymDTXsQ
spotify,https://open.spotify.com/album/43wkXdPtvXxK5q3Wsh4ljE?si=YNzW4_WmTMu0mnQC6LrrOA
spotify,https://open.spotify.com/album/6EnBUygxpoTiTTA6z0xhCx?si=bhoUfwwXSEGbidaHhpFmlQ&utm_source=copy-link
spotify,https://open.spotify.com/album/1Xsprdt1q9rOzTic7b9zYM?si=FcPFndqmTluUc3VlkyB-OA
spotify,https://open.spotify.com/album/6R28GkcwPrSIx5K9mzNDAy?si=4J1gsROvQiGCBEUvtyBKPg
spotify,https://open.spotify.com/album/0ALFZgR22JpKMQps1lhfzm?si=Ze4286yZTJyT2jt7qi3PuA
spotify,https://open.spotify.com/album/2dq5zU0iIUMUNRhSarI0NE?si=9xI7SMifS5q5iOe2y2Ttlg
spotify,https://open.spotify.com/album/6CmJJCI3lOn5XVZ68hP9kY?si=6mwK8ndAT0izHGoa8Edxpg&utm_source=copy-link
spotify,https://open.spotify.com/album/75ol9OP8bJaRqzGimpFHDm?si=4v4WGj0yRQufvBMStJuz0A
spotify,https://open.spotify.com/album/6TxHROskkdXNhc8EK82j8d?si=ozPdXZoJQ46X4XaXK8ynEg
spotify,https://open.spotify.com/album/6Bb253vXd4mFULDwLhNf7u?si=X1lm0QFwRD-vzB2GOj7ZNw
spotify,https://open.spotify.com/album/6TxHROskkdXNhc8EK82j8d?si=gr_iSKejSc6-jxgeWSnD9A
spotify,https://open.spotify.com/album/6nVACH6a27eOWiumAJhDWS?si=J_EC4w5bRkCAvPyLFCK45w
spotify,https://open.spotify.com/album/6RCog8dNHH374c8I4u1SoC?si=IN6C6u3qTd6WZt1cRLuSRw
spotify,https://open.spotify.com/track/5DSwRyfiGtcJ1wu7QowVOq?si=9u1TVVIQSlGx27R1LpFtIQ&utm_source=whatsapp
spotify,https://open.spotify.com/album/5TPXh9m774wXBlaMuRJwxj?si=Cr5EmcTxRS6kCZbOJm1ylw
spotify,https://open.spotify.com/album/46BQDSCt13ec2DiKWrO8XR?si=lxR3-saqSEKxikU-Et1lBA
spotify,https://open.spotify.com/album/0mjqlCSH3jUvS45IjSIW0K?si=oeDuuhP-SpGOPP3NLlR0qw
spotify,https://open.spotify.com/album/45BNZeFrf7HSGAogA2CZ5M?si=JjmgWFxjTOuc2X9vs_rjQw
spotify,https://open.spotify.com/album/1IQKV1zaM2GihjCXjZTdeJ?si=gIRt1fXlRiKOOWvyrJbAQg
spotify,https://open.spotify.com/album/2uznpmsJxNBpOQIkClXxB2?si=QffLYWG-TyuVp8P0-kPh7Q
spotify,https://open.spotify.com/album/1DiPlObxYQKJLFhO6WevU5?si=qkAoYir5QA2-gxOwrGYJuw
spotify,https://open.spotify.com/album/4RXDPLBFaeKUZQQv9MAiDn?si=qLj0-NPUQLyL4uK_7mGprA
spotify,https://open.spotify.com/album/6YUCc2RiXcEKS9ibuZxjt0?si=uBZdjLq-T9KXgLzY8R5Bag
spotify,https://open.spotify.com/album/3joOXpEsCgg8oS1Tba7neT?si=Eui2sMHUSTyb3R5vVLru9w
spotify,https://open.spotify.com/album/2D4YnlPbH7BYznSGbdYMqC?si=lN71Dm_LR4ai2WuYGA6f_w
spotify,https://open.spotify.com/album/08fx6bmsEfWB22kU8cLjaT?si=vJ3oYW_4SxekNq_0hDQx2g
spotify,https://open.spotify.com/album/6HnC12N2Ir7bb6jUj67RfY?si=qDYU7SyYSFCCHAYxArkPBQ
spotify,https://open.spotify.com/intl-es/album/4HTVABUq8amDUxBv3zJbX4?si=BGsvUf5NRhqGZI_pu6Anyg
spotify,https://open.spotify.com/album/3OrucS4sHv6Bl9GS4rafEk?si=niwqVamfS-27NVNG3hRbwQ
spotify,https://open.spotify.com/album/2gWrUaBkh1uQARjbjvUGNp?si=vFAtJ19xQYiB4elrgQdELg
spotify,https://open.spotify.com/album/7pZGU75LDAX7yD7RPAiO3b?si=AQoC2yLpTVmtTiizo3_cTQ
spotify,https://open.spotify.com/album/21xp7NdU1ajmO1CX0w2Egd?si=tia5d8RXQ9OR_fk-F1DaYg
spotify,https://open.spotify.com/track/1q9jblrKnQZNXhOFP5kpvC?si=DZ6yAXLNR9aFFQJNKb_Smw
spotify,https://open.spotify.com/track/6Fetud2u8cgdiKMH8ee8Jv?si=eu_yH0UBQyGwRueBGvH4iw
spotify,https://open.spotify.com/track/4EolXzw8lZrg22qb5qlFF8?si=o2O8TKyqT9iyz28GoXT8Lw&context=spotify%3Aalbum%3A7jWKyWRvK0oNeZKYW75sOy
spotify,https://open.spotify.com/album/2l3W2Lx3jvVdoK60IzuQNV?si=q7-6m0orQA-4ATaV0xcTEA
spotify,https://open.spotify.com/album/31hPWux7cmgsYJedDFdCNP?si=gY6lZWMaQ0u3yJrXzeRlNw
spotify,https://open.spotify.com/album/7DIXqjTX8IlgSKRR7DrhB9?si=zxMUV0PdSeSvbi-8hf08xw
spotify,https://open.spotify.com/album/35FWLG8Ysjj1BF3sx4F6zM?si=dHsG4y_GRJejEezbq7L3zQ
spotify,https://open.spotify.com/intl-es/album/2KvJwjA8SxHUn1JPG09W4g?si=Ze-B45BPTFqW_VwV3KPqkg
spotify,https://open.spotify.com/album/5FjaEW3Hi8vD2aoJNWln4t?si=d0Fw3evFT1qkNm7sU8R95g
spotify,https://open.spotify.com/album/6DeU398qrJ1bLuryetSmup?si=v7tEATGKS8K9ZpfM8FxlYg
spotify,https://open.spotify.com/album/5pHX91FjOYQjJjWeQf62yU?si=FAlmzOVzQ6-YLXWT_DWnIg
spotify,https://open.spotify.com/album/6oC9BCN4OyTRRi0S9H4n9Y?si=o4aZzQhqRKSuY7eLgpv_qQ
spotify,https://open.spotify.com/album/7jNMp21UgVecBFtn2qloJM?si=y9a14wMAT06KaLBM5RjcuQ
spotify,https://open.spotify.com/album/3w4Sz24GpcEaQdt0pilOGW?si=Aujo1McUQNOCfNdsELXkfg
spotify,https://open.spotify.com/track/20SlD6QDxPlOd1Ip0NvsdG?si=YhzdpBCaSxy-snmkDEcq-g&context=spotify%3Aalbum%3A6oC9BCN4OyTRRi0S9H4n9Y
spotify,https://open.spotify.com/album/67kcVCT0DElUimIfyZ2MyS?si=pleWezl0QeaMSpJZYnwixw
spotify,https://open.spotify.com/album/6FRN2BwvClQEMsG2I4Cofb?si=T3VqvC0lSJSOAAr1Ro6qAQ
spotify,https://open.spotify.com/album/6f5gAJpM85TE6aQ81h46T5?si=kT97K2uzSGWD3ii25aRDIw
spotify,https://open.spotify.com/album/6jSVzrHth5xXGBKbtO8BOl?si=bwzdmDZPTXOmmz_et0b09g
spotify,https://open.spotify.com/album/3wgl1oWW9Ww8KmaHhgm78v?si=pbXVKfa6Q9Ox72YEglvKaA
spotify,https://open.spotify.com/album/6U8bfBeech6FeRVMScdw0J?si=mby69Zi3RkK6d5E39T5LJA
spotify,https://open.spotify.com/album/4j9UADX3wZtXWolDNT3y3x?si=pSDDA5oeTsCBBZ0hosPBMw
spotify,https://open.spotify.com/album/4hCEfpe6nzek67R3G1ktt3?si=aYIWsKDyTFm56N2bPRzv3Q
spotify,https://open.spotify.com/intl-es/album/0FDkRPm9cIRJ8qBkxj2Qny?si=spYZampFQQW86CZs_llCxw
spotify,https://open.spotify.com/track/5qNsfQzc9NkXWb4XM2Mj1l?si=V00mswU9SfavpRHhT0TKYg&utm_source=copy-link
spotify,https://open.spotify.com/album/0uMO9LgMLMtHzLnTSONd6k?si=X-_prXm-Tly8WlckgqD47w
spotify,https://open.spotify.com/album/293aYSIVNjjmkAwupnlxRd?si=3em_IvvIQNC6-VrWf5reiw
spotify,https://open.spotify.com/album/0vVekV45lOaVKs6RZQQNob?si=8DFtgzwhQHCaZo-_oitZ0Q
spotify,https://open.spotify.com/album/3zGgLRMaApg4t8GUhG9X8W?si=I5cFNy_VT4KdFmgQ4Ti1xg
spotify,https://open.spotify.com/album/0rTw3geYItD70A2lnCnZOC?si=hDQIs3nATnqSIE2uSK1rNg
spotify,https://open.spotify.com/track/0g9BIb2CDRXlEkiFnuqxFr?si=Cqg4V_iWQNuisfTP8mbAUw&context=spotify%3Aalbum%3A64CW8fAAWtgoVkbQ1MyWrS
spotify,https://open.spotify.com/album/2uGGpoLJLj6jClG84QK1p2?si=fiPWTSFpQnyCYvLXM1ighg
spotify,https://open.spotify.com/album/5WbnDgjS3o47pVImoWA5AN?si=QcpVHHGNR7uqExX4ERY5DA
spotify,https://open.spotify.com/album/7287Wa4fucmzFdKtK8xTOu?si=gE2zWDdFSCarwhv5kHdBLQ
spotify,https://open.spotify.com/album/3OTOZme69Irx7si5GhpmHg?si=cr0gSqnWRzGxOyZdR3B7xw
spotify,https://open.spotify.com/album/3V02LcrbJdobNXENJAMKt5?si=EwGOblhjQkOvHmIukoNYUg
spotify,https://open.spotify.com/album/1rNe5jq2OZQ033Ngg0qVZw?si=RDw8BSkMQO63FDD7cheEaQ
spotify,https://open.spotify.com/album/7wOJ9RTQr05ytqROWtTPzy?si=-BupXmkYQvecTjJsD35ctw
spotify,https://open.spotify.com/album/6mZyJOou0vRSoynJYEpkP1?si=0gGDGDc5QYGdrNT9hqLg4A
spotify,https://open.spotify.com/track/5WxELW0CFewJOO2w0CRo7T?si=QhCfuhwDRP2bcu21FJfaRg
spotify,https://open.spotify.com/track/3yVsQ5YqwIiMIEkIpO8Ctt?si=LkZPiQuyRa-JGOa42ARWWQ&context=spotify%3Aalbum%3A0gQWStciaDwt5XB8kX2Xhh
spotify,https://open.spotify.com/album/1R1AaAeSP5aOfX6Sai5Lk7?si=Kwz5qU-hRMuVIrzBxD9TMA
spotify,https://open.spotify.com/album/1gNaGgEmk8a9rH2eRExnKV?si=dOUhgG8lT42nT07aq7sdeA
spotify,https://open.spotify.com/album/00xeIIfZaedwrbPK61SuyI?si=TVBj8hBBSEmKvCvv7dfoNA
spotify,https://open.spotify.com/album/0BRBoEPijNx0XQJ2xuUe4z?si=__BvxuwcTPSpOLqHc3sAcA
spotify,https://open.spotify.com/album/1MOjni1IYZO2Iosd2U0vCq?si=xhUkdEejQjOcQOpnZ70QAw
spotify,https://open.spotify.com/album/7JBugvXJTIiPmSs2Jo0tsv?si=ivv4hnYsTl-OO7jeiaqzsg
spotify,https://open.spotify.com/album/4PMwOGe0asEanc3IfcFzvv?si=hmcjeMiGTAm6QBuUyDzyQQ
spotify,https://open.spotify.com/track/2a2LfLLSQcpXHL3PYrKkK4?si=tgyYKJHkQu2m8Q87BN43jA&utm_source=copy-link
spotify,https://open.spotify.com/playlist/0EkLCwiyEHDPchKC1jIY1x?si=yarSxVm_SZiAUqMgjBmiwg&pi=mih_40xrRfCK-
spotify,https://open.spotify.com/album/6fsrEl3P1Fj8ehM4XYkyiC?si=Od_OlKLBTl2v88fb7Su0gw%0A
spotify,https://open.spotify.com/intl-es/album/5Rgudh1IKSXYyKDVZuyyQu?si=NAZNJZO0SHacNqB0eKCAqw
spotify,https://open.spotify.com/album/3s0Ob5hSVgMUtnFbuQUM5J?si=4gtW7xFPQYKdeF6MPahb2A
spotify,https://open.spotify.com/album/4fNXymFLxgp2wfBWunVaeN?si=If6II6kTQtKC4SOiuepnyg&utm_source=copy-link
spotify,https://open.spotify.com/album/19rYWxZfMdEOxTDODFjLyb?si=dMa9NQKhQTuJ2OzmN6SEPA
spotify,https://open.spotify.com/album/2IzUZlhtBvPQYs74KeG6fb?si=3arHagYLQ9yHvjb8QVDs3g
spotify,https://open.spotify.com/album/4pi2mhNh9Jm0gIloeW1Gvt?si=mbINNGTmSFGuhVVeTi2BJw
spotify,https://open.spotify.com/album/1NNdcOYT3w0wuwazJhuiNc?si=i73gllWRQo6tFfpBoscWuw
spotify,https://open.spotify.com/album/3xET3sNqvuuqwUbh1dCWyM?si=K-WP4cV5R1CNb9GI1EJm0Q
spotify,https://open.spotify.com/album/55u43mARrmqFDHNb2qQ59M?si=8l6QsflOTz2kR5UKfRsbaw
spotify,https://open.spotify.com/album/5fmIolILp5NAtNYiRPjhzA?si=6L_PWbu-SSelpPzflIXEsg
spotify,https://open.spotify.com/album/7188JsHTl3rladofF7CVvW?si=hag9IR9jQ0KZqfXqxKoX3Q&utm_source=copy-link
spotify,https://open.spotify.com/album/50ZGiAqYPxQpDVs7QT2ys8?si=eD0qgt6GRneSHNcLSw5fXw
spotify,https://open.spotify.com/album/4zzXctRTfoBAleOPLBMIVL?si=64_-z_SSS8qZcp7D9Wb2Zg
spotify,https://open.spotify.com/album/6W9eR4Xoc0SEI4Lm0NAem5?si=4-dNPDQrRBKnsQas66nNSw
spotify,https://open.spotify.com/album/2dZMk37j343fzkuL8WTPdo?si=51SJGLNQSsizdbzGJjSKVQ
spotify,https://open.spotify.com/album/05QwR4mSOlpHbtYFAOcB4f?si=IXsq8oONRg6PmZgVFCIEfA
spotify,https://open.spotify.com/album/2SJTwCnoxE6EYZtHdC4biI?si=BPqu3RkiTrqka51LLdVY6A
spotify,https://open.spotify.com/album/5KnU95Mt4igiYNLQcDydZc?si=TxHgmnvkROSPMizyqd1sIg
spotify,https://open.spotify.com/album/1ai7nr2EvT1ChXWSVGhrvL?si=oIaYBCVhT3G32U9A99J4Aw
spotify,https://open.spotify.com/album/2gtGeqedpuFxYLPQr314bB?si=vHUMDYlJRPK_XTnYEKcIOQ
spotify,https://open.spotify.com/album/2mDU03ul7ihmYaf5EW4BlE?si=lYedqg2uTQucj_n2JMLRww
spotify,https://open.spotify.com/album/7BilLfa8n8rQDpbmJAOGxG?si=-E3DKQELQYK4WzIpd5147Q
spotify,https://open.spotify.com/album/1X4eZWyp8zYdzdK1W2aPN1?si=oSBBhwowTxqwtRLldLb9rQ
spotify,https://open.spotify.com/album/1NuMP2jrBeyxR3MqwengWD?si=uu9Cb0-dScm09FFk_MRBAw
spotify,https://open.spotify.com/album/0XAsAUaEDTl6wlOAMhqfDS?si=guqT_0bHRpCZlIiAQf8C2Q
spotify,https://open.spotify.com/album/0XaCh01kw5mCXGXBqmgP2W?si=RDLSGrmISrSSFTpnSOjYaw
spotify,https://open.spotify.com/album/1kuQaIG6KmIRjcbB32bVc8?si=I2s_5blDQD6PBlds8Lz5EA
spotify,https://open.spotify.com/album/1hD8uuCzBRy38S9W64F5ik?si=jbxxQCK7QA2gP67RpbIGBQ
spotify,https://open.spotify.com/album/11FmUaJrmOJzNmEDcMqqVy?si=72v5qdljQU2mH7kQQXlB3g
spotify,https://open.spotify.com/album/5o0UyE0Juug1Ti7qK2MeaW?si=aF7n4mIuSvSQxlC0cv8-ug
spotify,https://open.spotify.com/album/6M0IAJHwQ6dFNtTkFsXCJc?si=qiR17PcpR3SKRinIBPNbwg
spotify,https://open.spotify.com/album/1uSpngQgBBgwRFYS5sOdqI?si=5uRDaw91TjWIN_0Asqo3UQ
spotify,https://open.spotify.com/album/6IrwV1l7aNrX3QgBqfoj9U?si=JT7NKCIFRaWTs6tOcVPCfg
spotify,https://open.spotify.com/album/4yNcx4L5dbc2UdIMSM3Vyf?si=ZkEkdb1FSMy7bvXKAcdX-w
spotify,https://open.spotify.com/album/3hdqTg73gNTmzSK0MhWLoy?si=KarE8eFpTYy4Z-BFo1pCww
spotify,https://open.spotify.com/album/2lkLm5GrGISldCNW4VWZkV?si=wmk9uDCBTWuEsbL6yLetRg
spotify,https://open.spotify.com/album/5zmTjYZUebsP2GKjzFq9Zm?si=j0ysj-xvShiO0ObfJR2exw
spotify,https://open.spotify.com/album/3xIkQ0YsEyRvjEY1a8KdXc?si=0iyngIKzTV66k_eKrV3otA
spotify,https://open.spotify.com/album/1tcn5JXZJC0xVAFIE3iZat?si=XD2EvDJGSmm51fKQ5kEpQw
spotify,https://open.spotify.com/album/3j30jsSn2em6L6xXhGTibv?si=OHuzOtgITd--ZboGi4osRw
spotify,https://open.spotify.com/album/4MjzdTkEmTwPAlVwDSSivP?si=pNFuubMcRgmTGtVFGOsAQg
spotify,https://open.spotify.com/album/6Zy2wrvOOW0sxTWy7nF9BH?si=jL-b_78MQ0-zQwpgoRRiDg
spotify,https://open.spotify.com/album/4yqm0ZLcphXs8M8cVvLKym?si=_uxcusnIQ3GfV1qLHDiWqA
spotify,https://open.spotify.com/album/5uQmpSDGPDk9gP2IQbsLcE?si=iqyiUZEATnCvdpAo0whLrA
spotify,https://open.spotify.com/album/2RggQwKLfVqYbNM06FDQam?si=PKeDrt-tQ92fi-v44yWHvw
spotify,https://open.spotify.com/album/7kOKGjiQQuqeDmaBIr86sA?si=Wyo5qMyOTYKwK7_VpoKg2g
spotify,https://open.spotify.com/album/5PDYSVgVfJ29a0zqiYOoSe?si=nUkJ9jgtS1Wk7wQc7ZffKw
spotify,https://open.spotify.com/album/4RqtiisclJr3uVCJBpGR18?si=w6ImJqd5SpSDutCRWoMQIA
spotify,https://open.spotify.com/album/5ljIGCRRvS48V4ADzPGav2?si=jw08SNf8TfCAijHw8mkk-A
spotify,https://open.spotify.com/album/0TOxq8CTqHswPQA5NXNEI2?si=p7QjnDrGSX-3L0sSZ3wNiA
spotify,https://open.spotify.com/album/57Xg6JumEnG5i5MBzJVdT7?si=--wEpJeURjSe5qqRs_QtrA
spotify,https://open.spotify.com/album/6jWde94ln40epKIQCd8XUh?si=vDH31J_eSJ-SPHlHodPcPA
spotify,https://open.spotify.com/album/3zoKj0ffA6G6p6xBVMeHBM?si=cWc5NWEfR1az5pE0TOwR9A
spotify,https://open.spotify.com/album/20PWLBvxLIh1mo0Cq4tek3?si=IVVUV2pFRcOy72XDIacSig
spotify,https://open.spotify.com/album/4LXIiwlsgLPwnlmxTa6F4U?si=fukdY7zuTzGnSvfKayOTLg
spotify,https://open.spotify.com/album/363MQlgejZyQ1iPjFNrKuL?si=suFSOXgjTUOFTsUlJwsjDg
spotify,https://open.spotify.com/playlist/1V4boqp282qNFc0TBzTeeC?si=DZdPi29ISk6znGT7q5SLrw&pi=GYnhV8TkSV-Lr
spotify,https://open.spotify.com/album/2tjBfKgHdMRk1xGnYwasYW?si=EhotBQ8lSmy7kfCC5Gp4nw
spotify,https://open.spotify.com/album/7nZuIokKB7MvNO10yMnKNT?si=wUQX_-yBREOgnjjRJ0TpgQ
spotify,https://open.spotify.com/album/7BEA5emJl0yTMC9XBDJCcm?si=pkzls6nhREmPn6-tZAFDrw
spotify,https://open.spotify.com/album/0XuZZFnToTyRZ5RVSfPsXx?si=NCmM-l9vSQm-jgBkhuNCUg
spotify,https://open.spotify.com/album/2E9daDGGHAoeGdoMMSncPR?si=jm5HrBxnR4GTjvvkRNTnYA
spotify,https://open.spotify.com/album/0lyF4NXil8Ch8t0x7lMgD8?si=Pv_LMVUuSYmvgd0EfDn5Dw
spotify,https://open.spotify.com/album/6CCLuVXQQwozDt2TGbeZ4n?si=zuxqgVzmSwCuMqduk0o4UQ
spotify,https://open.spotify.com/album/6NTrwu1XJ56jBPx7HMksbZ?si=-Y0-k7lrRKiCnjm187p1Xg
spotify,https://open.spotify.com/album/1u2Q5MFWptOdPpldjC0xO9?si=ReiUioJHSKykN4o0CfUWrg
spotify,https://open.spotify.com/track/5HF03lL90NSgIYROS8uxaR?si=bBZYjNy1TLqEb58qFpI-4g
spotify,https://open.spotify.com/album/3BPySVYB618hJILeoSSUkQ?si=la5XdgkhRzalG43Xvf8RQw
spotify,https://open.spotify.com/album/6EnBUygxpoTiTTA6z0xhCx?si=aTSh3r5_SICZiRRGOM7K2w
spotify,https://open.spotify.com/album/5jsvslFfpGcWfaWA7VmXt7?si=j_8WIBP_SU2KbNIgCnyssA
spotify,https://open.spotify.com/album/1VafdDdrlCsYkeWCXhVnr9?si=uJIf3DPYQZuQRRiV6hxIeg
spotify,https://open.spotify.com/album/4WD4pslu83FF6oMa1e19mF?si=IVy1y0yeQWWhqjJIlNYaAw
spotify,https://open.spotify.com/album/3yHOaiXecTJVUdn7mApZ48?si=SPbKeffiRS-v0QizGc1EJQ
spotify,https://open.spotify.com/album/03AUZkqlmxkgW6FxGGZalF?si=0MO7t43ZR7-Zs763mhx2dw
spotify,https://open.spotify.com/album/6dWnLOP6zgqmvohqPZfzDh?si=BCH2Sb_7RA6IPVgpCz6tXQ
spotify,https://open.spotify.com/album/5AoO2XU5pild42akpbfv9s?si=NTH4eC3rSn6Croc5k9QXaw
spotify,https://open.spotify.com/album/52743dknIjnsCqQrKSIX5r?si=z8B4nvRHQzuCyDkIWSOGPg
spotify,https://open.spotify.com/album/7LGVdC9fFwgWYaIrZwsSv6?si=su5Mquq4ReChKxu5-GrDZA
spotify,https://open.spotify.com/album/6dWnLOP6zgqmvohqPZfzDh?si=lwc8FYzoQF-q7O6a0UlxRA
spotify,https://open.spotify.com/album/4yv17Q486G8QoqM001kFKO?si=aGmMWXF6Tna3cm54_oJ6ug
spotify,https://open.spotify.com/album/3AQgdwMNCiN7awXch5fAaG?si=TaaWHV7HSIeFRYUNzWERNw
spotify,https://open.spotify.com/album/0J6PpQHDOcr54tXvh1MMCr?si=_TbnfcrISjeQCIJg0XzLFg
spotify,https://open.spotify.com/album/0KBdfMTMxi0oD1oVqApTjr?si=mChd1XuWQTWT5hru92ayYQ
spotify,https://open.spotify.com/album/0CA2EVHhRPR5VPV78KZw89?si=v7W_nlaGRQyY-meWIN9McA
spotify,https://open.spotify.com/album/5as7hQXIniGbaltqM0yJud?si=1mvo68JkT0GhJ2jJ90Xzxg
spotify,https://open.spotify.com/album/64VpAgRYZr1yle6u7DkyEc?si=4vavANBKS--cvYO36E4WVA
spotify,https://open.spotify.com/track/1BB94n36Pga7V4hA9amR9e?si=pTeR3Di9T8Ce2TuSX57K9g
spotify,https://open.spotify.com/album/7b1Jo1frLSL4q6nePH6OdS?si=nU00CeLaSsa284UFmsW95Q
spotify,https://open.spotify.com/album/1wyaHGxXkIGaLGSQTTgKzw?si=v9DWUIrATBmjU6TIEeCiCg&utm_source=copy-link
spotify,https://open.spotify.com/album/57V5TA5DLxNvwPCPyXW1tB?si=GEM_Z5-IS0e-1BgxuJlX3Q
spotify,https://open.spotify.com/album/2lys6mr3hDEj6z5BYNutGZ?si=o-xbRwn7T9uS3OViAXjOKg
spotify,https://open.spotify.com/prerelease/6cXjdEXZD7NXgfH691Xe0W?si=4mNO4wmPSIGcFjJ5aHctkQ
spotify,https://open.spotify.com/album/1QU6CvjNhR3S31mCnP5D4T?si=1i7ZDNU7TLewqfxU3yE-5A
spotify,https://open.spotify.com/album/5R58MQkMDwo6m5hYiaf5wW?si=io20kWzjQv-up9KYL4L1Yg
spotify,https://open.spotify.com/album/2mhlzbXu9J8It0oGGQO772?si=UcBrsEqnR5CucygQaSxpvA
spotify,https://open.spotify.com/album/2h3cYHEV6ATD2tGXcJvcK5?si=w795NMXfQsiIa9FAyLxyVQ
spotify,https://open.spotify.com/album/3QtXXohLHHEAjLaM4hILLz?si=xOh4PCijQ8aH7nNXFKo4vg
spotify,https://open.spotify.com/album/6etAcv810eDEyrycHjy39V?si=WZZPvUN5SliDw6YKOHw6IQ
spotify,https://open.spotify.com/album/03jnJ4DNoOPKYe1H3eW6Fz?si=rPSb8MPsSZGkt-PRyDg3iA
spotify,https://open.spotify.com/album/2GpYIsc6XUy69b8q1BZgCx?si=Zla0F-y9RG-tlDYDVa6fPw
spotify,https://open.spotify.com/album/1a2NoE9makqEWb1uUogxFQ?si=K76IHKRxRdy0QnVTx35SdA
spotify,https://open.spotify.com/album/45BNZeFrf7HSGAogA2CZ5M?si=qVB7lwAKR5SrRVvHiMDt7A
spotify,https://open.spotify.com/album/3mUwlh7aK2PHj8aUrI9Nyt?si=8pN7bpwKT3ygSX8Wj7FPfA
spotify,https://open.spotify.com/album/7MprjyJe4SD8Sq9Nn7oYD5?si=m-CHYbl-RnWVMdLw5bvI4g
spotify,https://open.spotify.com/intl-es/album/0r9awI5WRCZpwk0aVQ4bKO?si=hizrvrJWRJ68TOzczoVC1A
spotify,https://open.spotify.com/album/6hmiQJ6FbPEQIDeKEIKSck?si=vhOnjSl1RXO0e7RyjM8ejA
spotify,https://open.spotify.com/album/6dVIqQ8qmQ5GBnJ9shOYGE?si=4zJzYUtgSQ61gkMptVO3Vw
spotify,https://open.spotify.com/track/69Yia3qCLw6N9U80WhLwLn?si=jhKkWjwkRZKTNfmYUl3sxQ
spotify,https://open.spotify.com/album/1JJbbVah9vs6yAM1T0ptmk?si=ElVDtv-xQEKuzyWPb2pXHg
spotify,https://open.spotify.com/album/4hRYKs4qN5yVViWJvCUiCT?si=OspbZCcCTnevk2o7kSTs_w
spotify,https://open.spotify.com/album/46nNE4cPOLqexrh1lBQ6eb?si=YGQkXZMLR9mDLeDeU8aZEg
spotify,https://open.spotify.com/album/2jnV6ytZOmt71iEC5xHEYz?si=TEagavi4TrG9lLEhY3reoQ
spotify,https://open.spotify.com/album/2A9T82s4U3Ia0z2VATTIZb?si=iSWkAsX1QGKGp4Dy4xNTHw
spotify,https://open.spotify.com/album/4EnNuo8fG7dMoxMefbApRY?si=wZ4aEhB4SrKJdmpsQc079w
spotify,https://open.spotify.com/album/2hXzOqr1S3sKUXFrwyw9I6?si=sNYTztESRxKqgC_UyOTgsA
spotify,https://open.spotify.com/album/4kL9pFuQ2QF46cxCCAcrsF?si=scWx_ZncQeqL2NhrAvfPBA
spotify,https://open.spotify.com/track/54yLLvpezvPO1lA3GspiZj?si=32J0WNehSwmWF16XHFngww
spotify,https://open.spotify.com/album/0rBqt8DLqBD6xS7LJhfeDw?si=6vY5GyIBTZieNXntEiHPkw
spotify,https://open.spotify.com/album/3ozP3MbrHPgoDRzdPf693L?si=zpOfeOLLR62izGaeCpupvw
spotify,https://open.spotify.com/album/2hgHTyBcMQKLsbjnZUBsZb?si=By3buHOMSaKHajpc5vO6OA
spotify,https://open.spotify.com/album/30Perjew8HyGkdSmqguYyg?si=pyAK3N6KScaOBn91i0pJHQ
spotify,https://open.spotify.com/album/0gf7X9QITtZlFBN8noE1DU?si=mCZ6RQy0QQuZmJ57EfR5uA
spotify,https://open.spotify.com/album/5KB8vJGorzz68q7Ei2xZyk?si=BLG3nmaMS_i0DA8iGCNKnA
spotify,https://open.spotify.com/album/3uFgYgCEvCSACjB8XHl3hb?si=0hUcxrHHTVqzsJWDBuyksA
spotify,https://open.spotify.com/album/4yrrPNjd9RcqnuDnoEhlER?si=RfWHZFyiSSOpE68GCyfb5A
spotify,https://open.spotify.com/playlist/7rAKIpdBvmqKhgDGUsUnrS?si=RPGq85WAQXWTgwWaksIaiQ
spotify,https://open.spotify.com/album/6fsrEl3P1Fj8ehM4XYkyiC?si=rBAHAJRVQKud5hxTrypdAw
spotify,https://open.spotify.com/album/4q1HNSka8CzuLvC8ydcsD2?si=z3PNZwTBTtWaiH5ItFGD1A
spotify,https://open.spotify.com/album/2Jfjeyps8ZEbKsDZ1PhrBy?si=qRRqIwosR4-7LA_QZD1v8g
spotify,https://open.spotify.com/album/3EcGvNWLVhGz2EeiiPCvwl?si=dh9NXYgdQqWQPlg3McB1kg
spotify,https://open.spotify.com/album/1Hq6oGtL9EvOmgxFyXXnME?si=z-VecTNJS3aRRL0oE-dm9A
spotify,https://open.spotify.com/album/7LDp2V0KNQGRMSYPByAvYk?si=lTaTq1hzRFOdJeJX-VvqWw
spotify,https://open.spotify.com/album/3f6OeI5QHbzU9jB5RrAT5f?si=A-r2oW5dSzKC_UwhFq56RQ
spotify,https://open.spotify.com/album/7h8bpD60DETiIhAMK0UJR4?si=ZOoDq7DzSpWeuR9nyWU5Gw
spotify,https://open.spotify.com/intl-es/album/0uX5z183VvFM3NRPhSzyOd?si=Rdjx9pXERU6mCs3FyhI6fA
spotify,https://open.spotify.com/album/4VeKLLYPySVFaf6qzkfOYW?si=y950g1lvSOeJ5w36VcL8hA
spotify,https://open.spotify.com/album/1vALPYnFhuoeFte9ZHIc7j?si=zt4yQIEeS6mLZJi1BVsuhQ
spotify,https://open.spotify.com/album/6UFAOiLDzOOt75eJhrhFNC?si=R4XWZjpkTyaQfhDIaOKlLQ
spotify,https://open.spotify.com/album/2yNaksHgeMQM9Quse463b5?si=-TZwafySSu-SEiJh8-smwg
spotify,https://open.spotify.com/album/2nT2LHBP43vxzj9iYG0y6e?si=nA271wHNTcCebgBKOydERg
spotify,https://open.spotify.com/album/3xuvOKpNqynROqZt8Tvcfh?si=9iIHuK5VRoS-6P9NWuXKmA
spotify,https://open.spotify.com/album/4Mc8gETsSxXw45kkrrvXFS?si=9NnYGGKcTQywNpoMXQaUBA
spotify,https://open.spotify.com/album/6tOpEyxCEGW4vJzh7m6yxU?si=hz6Ofo-nSQ-uxo5ZhUgJFQ
spotify,https://open.spotify.com/track/1EPLfYJmFmbtAd4QcmxTuu?si=2jsiqXIhT5K3eKmTdK_ewQ
spotify,https://open.spotify.com/album/1nxV9w0lrhBqkvsjdaIxRs?si=uPeBZllmSkyap7QVecMbnA
spotify,https://open.spotify.com/album/3MMyvg2MoM23KIuGCjo28u?si=fQA3mwEWTsuYgQxtoX1pCA
spotify,https://open.spotify.com/album/5LlTrOhcrqRTHX4xjJIA8M?si=kzn8OjUfRbylO6X7cbuG7g
spotify,https://open.spotify.com/album/7IAycRAHK168yXrHse5OHt?si=bkVwzsODQIu0h-ghVgNhAA
spotify,https://open.spotify.com/album/7lH6L9KUFciaS90VDFaUNA?si=qP65c-rsTxqUqKqhJX5sgQ
spotify,https://open.spotify.com/album/2NRmQa5rsSqARapsAQJx9n?si=CwEPlHzMR_CS83Nxy72eOg
spotify,https://open.spotify.com/album/5T5NM01392dvvd4EhGrCnj?si=LFCRa3zERA6IWc5aap5CYQ
spotify,https://open.spotify.com/track/4BxzNZpcm1j3JczZzGNe2k?si=hC4zrsPNRQCeNJ0pQz4ppw
spotify,https://open.spotify.com/playlist/02Jjjt6CHQW3lBq5Co5SCW?si=EvnwBjlZTEOTncRfyb4Khw&pi=q8_a2pELRo-U1
spotify,https://open.spotify.com/album/0VcZyLE6zP2a4CieWizu6y?si=ATh8z9HoSVq11HTVV4luFA
spotify,https://open.spotify.com/playlist/1yyM8T1jiVvNsmeCN2MR4i?si=gD5yNyl6Q6KC93VvX35WlA&pi=vadSXb26R1qIB
spotify,https://open.spotify.com/playlist/2JUPCVtekGlRnpOA15rTYU?si=5kWBMmuYRvyZBiZnLqnsPA&pi=GbUxvO52Qn2ge
spotify,https://open.spotify.com/album/7wU1QpssLayUhbh9AO6lkm?si=SsQG6uueRf-mhs30bWzEJw
spotify,https://open.spotify.com/album/6WRVuyOS840mRGrGe3510y?si=USoUPMr6TEGOtlHvJBu5vQ
spotify,https://open.spotify.com/album/55RTkgUCP7t80hiTUhATMH?si=nSS6VTXtQbSLwml20A-Rrg
spotify,https://open.spotify.com/intl-es/album/6nNiEDm206PqhwUfbAyTlT?si=yGwCSZK6SvKW0vGMLtTcNQ
spotify,https://open.spotify.com/playlist/0h5E49n3ZqUs1pHjTKjHOq?si=QumHifywQAWylc_BVIuBEw&pi=w8bWB4FvQIeQe
spotify,https://open.spotify.com/album/3B61kSKTxlY36cYgzvf3cP?si=-P1tg1MKTFesjdWPpPzfvQ
spotify,https://open.spotify.com/album/4zPFzm54WOUGwZUE3X5BVE?si=bprUDv0kR_yHunePLB2r1Q
spotify,https://open.spotify.com/playlist/65sIm2ZrWzEbwwGstAF800?si=8xAx97PURZKLpidzwluXUA&pi=VCXPv6YyQfqYN
spotify,https://open.spotify.com/playlist/5xOv02cSdYIkENv5p6Yl4q?si=1lZI0MJTRVCk-6YNjaTLJw&pi=aXeR7yOURsewX
spotify,https://open.spotify.com/album/1wbY6VUchNsZLaDi22eD3J?si=M0jSnYm2RhGuEWc-Xy8G0A
spotify,https://open.spotify.com/intl-es/album/4d8IqRNN8UX3vxtS6jnBA8?si=jyBeT54kQcWja4jf3RfHwQ
spotify,https://open.spotify.com/album/3R0aymNlz4UIHimcaw0T0i?si=HaLECAyTQAi3h4MJ6QFHtA
spotify,https://open.spotify.com/album/0o1RGF3A02UN1aVAX1SLuQ?si=llImJwE9RP66dWpX27Y00Q
spotify,https://open.spotify.com/album/3BSOiAas8BpJOii3kCPyjV?si=wH6nUz6hT3aFN-s-A7Al0g
spotify,https://open.spotify.com/album/3m6TsytKnxFmghjbFWLraO?si=0DCsyWqaSnGpPi1tqbg-XQ
spotify,https://open.spotify.com/prerelease/6zYooOenIJ7lYboPoWOHvf?si=6Hgc6rAvQMWGWNSx_g00Hw
spotify,https://open.spotify.com/album/3pZNBYMFG6OSNuajvsdN4Q?si=zOLxx3ntSG-UEaUr6d8Edg
spotify,https://open.spotify.com/album/6B2dACJHYyu5lO3ws2pBbp?si=uq5mmkGfR3uchvbKHsGcMg
spotify,https://open.spotify.com/album/3ugKv9ex4bNGJAEsBs8Igu?si=TstAVC59Qqm_Cemg1jogaA
spotify,https://open.spotify.com/album/6WDuF8Dli0ib8SluZinyeK?si=hH1_CLOeS1CSy0-wWfI_Ow
spotify,https://open.spotify.com/album/4pVobwBW9CAAPEPeFDJQ3M?si=_USl8GaCToi4v2NFf8IrKQ
spotify,https://open.spotify.com/album/7aUqnB7wm0Ak4Hh7magbIG?si=2aub_RrTSm67ITL0Dst8Ug
spotify,https://open.spotify.com/album/2hayB5nl5ejc40RZQvzznm?si=XEjj6ctrSoeRfOL6XdibNg
spotify,https://open.spotify.com/album/6Sty6rLnMTXFjKxKUZEfmy?si=YUr6hGb1SI6lWmkGwtyPoQ
spotify,https://open.spotify.com/album/6mm1Skz3JE6AXneya9Nyiv?si=vAu332SlTxa2Kos8GunVLg
spotify,https://open.spotify.com/album/72YGbNMblWE7NfvsDSve1R?si=t8QW_qXJTSmLDAzswwnCKw
spotify,https://open.spotify.com/album/4bfxADfRQyd6zUTcoS75g0?si=RnbkBypjSwSDQA78Ysf5WA
spotify,https://open.spotify.com/album/4sW8Eql2e2kdRP1A1R1clG?si=odcfRJQsQhOsU8WF421QDQ
spotify,https://open.spotify.com/album/2AyY6VwxKbV1QdVtbOHT7u?si=SXxkmV2_Qd-QQ6_L-n2bhA
spotify,https://open.spotify.com/album/3wYcE0a2LSxxQF2Rk3Drw0?si=jcJtqB1XRsGUOURkr-DcwA
spotify,https://open.spotify.com/album/33BXeFZabK1YWgJCKfGeF8?si=oBcBH6BaTGCGzk-h-2LMag
spotify,https://open.spotify.com/album/4eCepH3jc8PEBGjU6WCKiN?si=j3TeJIclRSul9xZkp7ZtbA
spotify,https://open.spotify.com/album/1Wa9BetQhRvQ1TiCuBrwQb?si=vuk90j-fQySqAWxaORm3Qw
spotify,https://open.spotify.com/album/3ShtO5VCYa3ctlR5uzLWBa?si=cbTWiNEuQwOMohjDZFMwZw
spotify,https://open.spotify.com/album/7y4wPtBbZlQfvAxsGfXwhH?si=k8iUEC8MQmOyWrtdZNyIeg
spotify,https://open.spotify.com/album/1Xsprdt1q9rOzTic7b9zYM?si=TWaQ9XYYTTOzI6Cc3eODuA
spotify,https://open.spotify.com/album/1uZafurVG5V3TZDqEnVmeR?si=yVLUDdBQSz-K8CKD655zJw
spotify,https://open.spotify.com/album/60UzB8mOCMpc7xkuJE6Bwc?si=erVrIfrJTomCsBg7EtDInQ
spotify,https://open.spotify.com/album/0XiJymfA8iwf3VpE9gv2Az?si=2qDajJ0LTXa6v6LIwkVcig
spotify,https://open.spotify.com/album/5GHLXH6qgXR4Gq10bmFfEo?si=6_CTc5rpSOKviWMx_AQ6QQ
spotify,https://open.spotify.com/album/1Zr6NvOgwngYEAW7AH2RiB?si=HiZUsjUsSUqgshxToZ-O3w
spotify,https://open.spotify.com/album/1n9jW9qyA76rRfySVNOEgk?si=RadG5TIjSGyezTPZAg2KQA
spotify,https://open.spotify.com/album/2DtRh4MEskCD2l9Ey2T68v?si=EqLQnXiSS0qEEIicbDifhA
spotify,https://open.spotify.com/album/7yvmtCjHcBe9DqIVl7AwQT?si=jBMrw8XAT0qjLe8E5FjfXA
spotify,https://open.spotify.com/album/3j0GCUTDz53x9Mzl8L1Fwz?si=2b21oqSoS3uxFwGN7moquw
spotify,https://open.spotify.com/album/19AUoKWRAaQYrggVvdQnqq?si=3YTzd5boQvmAHRZTLywtLQ
spotify,https://open.spotify.com/album/7CS9ipMojnE6PC2WuFGnJh?si=y_G7m3VBTGKbHCD5vUgrNg
spotify,https://open.spotify.com/album/1qkEXqhLUQs93TMHjfjrRb?si=LYOlUtUuQReVE4SMVoaRkA
spotify,https://open.spotify.com/album/6svS1vGX5qyK9mhz8ijzxs?si=V32QRjuZRm-EnIdrCS6tSA
spotify,https://open.spotify.com/album/24MlCN2SbjrDfhaWpmt92w?si=lDbYBXPMTWeXmmZkY6jIXQ
spotify,https://open.spotify.com/album/4p7zzjxgHFvptQgk7ekiu6?si=9d3IHGRHSYK240cN-NqpFQ
spotify,https://open.spotify.com/album/0D6YYJNgMsXd1BPt0ea0lL?si=8xkGQ1cXTbadtYH9tUxZaA
spotify,https://open.spotify.com/album/11DmTQm7WPeSXih1FPuaXL?si=0gPzot1GTZW8ifN5cn8Svw
spotify,https://open.spotify.com/album/1VHLlFuKZYLVhnLanVzJxF?si=XVJRtqTXSr6fNVo4Z6IgJg
spotify,https://open.spotify.com/album/2AbyDhzuhpMNKEm8johQft?si=ir4AkPc3SZG1SFxzLfUa6Q
spotify,https://open.spotify.com/album/2pnTtpdfOhIPbZvvr0lC1c?si=q34jdeabRaKHd31BVVkVLQ
spotify,https://open.spotify.com/album/3oqWXdAlGRN3GnpUlchsO7?si=wZYHtV7GTrin5CctWyndEg
spotify,https://open.spotify.com/album/5n0t9JVUgcya0VGoREidmu?si=9FRGzlRxScW388sROp-6aA
spotify,https://open.spotify.com/album/2mrWvCCYtZn2UyhMopvAoU?si=fTrmJpldTK2MLcS2CzLXeg
spotify,https://open.spotify.com/album/0dzjO6r6gdz44OuWyZ7HBV?si=ZiyDmI5uQw-w7INJwr5Tkw
spotify,https://open.spotify.com/album/6mGpQtwteyjKS4Up9tXuND?si=fSpZvmNwSNi3HWksUualUA
spotify,https://open.spotify.com/album/5KfKAvcpsa4qdniJUEPTm7?si=RuVSnz3LRkGNDpC53NsNYw
spotify,https://open.spotify.com/album/5M6rMejx2uRdxQx2dez3II?si=zKz1lU3oTXeSotNCO6ZTfA
spotify,https://open.spotify.com/track/6RnCUy7PCF27LAOKmq0E8D?si=nlc7AwnkT3GWfPq_FdqHZA&context=spotify%3Aalbum%3A30z0x3quz71hXLhKbfBaAw
spotify,https://open.spotify.com/album/4bwdaroGulshVzbsYJBmyc?si=rGFOJdSiSHCDVxCY6v5_yA
spotify,https://open.spotify.com/album/33kPJ8JFTSNiOUvpFd24pG?si=2TGdaQSCTCadL4SudewfwQ
spotify,https://open.spotify.com/album/1cFkCRpT4cjg1c1kcEpFav?si=1CmDLHGlTcSCvrPyazcCqg
spotify,https://open.spotify.com/album/7x84X6ve0wa2UYckfCm1uV?si=c9Z6gMU-Q1CK_7c658fL4A
spotify,https://open.spotify.com/album/1oKOFK0pN5dq3IAUA3iPcM?si=3YTFMf1yR52RioX-6x2SPg
spotify,https://open.spotify.com/album/7x1XjLYGVRIv5DJDFzxT2F?si=vQ4ao5xpRsC7HS-WbFf4rQ
spotify,https://open.spotify.com/album/4qoGWMatT4g6qA7UCoPnJq?si=yar_5NgxTZ6agIV_F9M4og
spotify,https://open.spotify.com/album/0hUfv1cSXNaBZ6dHKGluEy?si=xYKVIgBKRAqGaDNayhQsGg
spotify,https://open.spotify.com/album/6jwUMGHgDfiEYmvSN6MeJA?si=saLbaxHLS9a6Vk7HZjaseQ
spotify,https://open.spotify.com/album/5MqGZZtQ36zsETrTK2uy04?si=mkSldhv7TXmSZTI3UdieCQ
spotify,https://open.spotify.com/album/1R1AaAeSP5aOfX6Sai5Lk7?si=3F--_K1qSDKo2gUVpV_emg
spotify,https://open.spotify.com/album/24fNwoIq4NLDf4ARJYAFN9?si=y9J_G_qLRMGz9c4DVXvf2g
spotify,https://open.spotify.com/album/6o1qTu0vowB9ClR0sFcmyT?si=UMoKQfrxQhOxHGnjTYlf2w
spotify,https://open.spotify.com/album/3oemHoLINiN6lN0oT7s8yR?si=XbMpjTajTc6WNj-7YK34yw
spotify,https://open.spotify.com/album/2BZ5EJ4zUCo4tAd6WExXDM?si=AzN6E8iqRFyVQmLW8Vu59Q
spotify,https://open.spotify.com/album/5yLS8LmkHRuQLwGpJGepBL?si=N0xm2ls3rzi7mclnvzhofa
spotify,https://open.spotify.com/album/0Ieorv8QKVoR9UL1umHtzJ?si=D2gE2rHoTOmNZrP35EreUw
spotify,https://open.spotify.com/album/7FYLw9fTOiYnJFbFk2Mntn?si=Dv8KalU5QQeH-y13r1Cxvg
spotify,https://open.spotify.com/album/4Ql26DUHyQwn7dlZhrmxb4?si=80jxXfRHTSqxQZqcakeNUw
spotify,https://open.spotify.com/album/53xobX6Ye5yqZ6gsjo1Px8?si=JYriYxMYRl6P-nVtvgTnxw
spotify,https://open.spotify.com/album/4wTUzWQeL2SSaFcTcWlwr0?si=K5lUO5h_RYq7wAp0xVB0tQ
spotify,https://open.spotify.com/album/0W50z2TfYs4JT30srkciWw?si=T3DSAuzoQE6nYH-ZzN2-GA
spotify,https://open.spotify.com/album/4WDsHhoLJTSGVAt7ydCoPN?si=JwJgTCsZQ1K4Hhzr4EGWWQ
spotify,https://open.spotify.com/album/1ihecQme2FVkhoSGh5BpMI?si=gPGpz0p1R42BVT70cOgW3Q
spotify,https://open.spotify.com/album/0cPv7fD39bdVrtBo2F0JBh?si=SzGyx2ZCTsqEGh0FbQLdkA
spotify,https://open.spotify.com/album/3MfRfzHErnaUPzpfQPrZ2i?si=DH_K0YRATEW0fSu1Ra2jJQ
spotify,https://open.spotify.com/album/4kA2o0L3tz9vFKJetiFUJI?si=stJkP-YnRLytlBqQzpCjyA
spotify,https://open.spotify.com/track/0aqHkYkm55l9mI8xKoe8Lg?si=N-BxrTTCRLOocU_XUPESww
spotify,https://open.spotify.com/album/6Jd5SAg6TVeYlXIu5F7Ia8?si=0HMBnyNSQWuCRnKf_UW-SA
spotify,https://open.spotify.com/album/4eg7RnkSQfHphqQKK6x0UT?si=n2GCtNa6SMOE73RxQNT7rQ
spotify,https://open.spotify.com/album/4JdePMYeuoe34rqQ1D19K0?si=373tuGlwSFKbKEvVkXm4Sw
spotify,https://open.spotify.com/album/0tdm853TNWjVVChbJRbu3Q?si=eb0wqcqeS46tuJ3DNcbvmg
spotify,https://open.spotify.com/album/29U9LtzSF0ftWiLNNw1CP6?si=SKMoSlk0SzaHrtzTe3gYXg
spotify,https://open.spotify.com/album/1UFMf4L7SGPgJVix6unvBo?si=CzrdoNNhSRejqWXseku46w
spotify,https://open.spotify.com/album/24sX3nI5YRu2KkS9XIkLBI?si=hHO5vB_pRJWeM-apZbtRYg
spotify,https://open.spotify.com/album/1fLKCHRphOtHLQyK0D4DAy?si=L_vTMe_3R8OGbaF4MYoeEw
spotify,https://open.spotify.com/album/3QEIOrM2RyePnQewl1DgnY?si=79Bv5GtmRfW8socAOxXNAg
spotify,https://open.spotify.com/album/3wJruw8pEMKdgre0dTe2MH?si=zGIAZxwhRU-pWpHokg_8tw
spotify,https://open.spotify.com/album/6s2lW1bkqDdlrT66l15cUC?si=ovbvL8SfQc-WLCn2h3vVpQ
spotify,https://open.spotify.com/album/0dCxrv92J8gKDh4zObd2ZZ?si=AH7XwwLoRFeyt4fOLN22lQ
spotify,https://open.spotify.com/album/5DM1qCdgGt2zbknnsVn1Ca?si=_SwabihuQlyANFGND1uBUA
spotify,https://open.spotify.com/album/1ESXDx2MI2QGcxTZXaAfRH?si=dkZQgd4eQwi7H1HrXdvoxg
spotify,https://open.spotify.com/album/2zGVrUEa15nj9h4yPvdVxq?si=YzJ9KS7SRASoMmePVhmkLQ
spotify,https://open.spotify.com/album/5liOco8nQR5R35L1D9uA3L?si=GLb4bBFGTECl8ipyaRVWZg
spotify,https://open.spotify.com/album/6EzOsuKn38yWoNgpy9veNr?si=2RbW4U_BQFSnruHgW3GF_Q
spotify,https://open.spotify.com/album/1JZBc7tWO3m3ryyToiLTdj?si=YQNZYqUpSvKI087bLAvvYQ
spotify,https://open.spotify.com/album/0YF8PfcGbsKg5IaFyPnlyY?si=TFZlYhxXTwK7vL1Ai1MiKg
spotify,https://open.spotify.com/album/4VFG1DOuTeDMBjBLZT7hCK?si=lzJ8D6szRfOlBoqYAVnBQQ
spotify,https://open.spotify.com/album/7d3nOmFvL51roNElAdpi9d?si=Xhr_VCY2Tn2S5UkDZv4Rvg
spotify,https://open.spotify.com/track/4jDzqivJ5vxAM1M0EevnaK?si=arlIbKcuR-mlla6SOlmOaA
spotify,https://open.spotify.com/album/0Z5ZMgfaGk0PO7rnwuogBC?si=DtwHc9y4SmyVlMv4c__OHg
spotify,https://open.spotify.com/album/3C2MFZ2iHotUQOSBzdSvM7?si=tRTHOaeCTO2BZW4Eb56t-g
spotify,https://open.spotify.com/album/0EguP4tsJurU5I8ocCxdyb?si=s7TPDp8TSTWtApKcFPX2dQ
spotify,https://open.spotify.com/album/4DCwNXpnKEBYbls0T4LQzN?si=JIdsJA0kToSIkIFAoJSB2w
spotify,https://open.spotify.com/album/3wDazbdHFFBJGhcZYVO4Np?si=I_vX2CeXScK--axLmV-MLA
spotify,https://open.spotify.com/album/0LyGgFrZFXpRKpgj664Xu7?si=E9rKotXbQ-CIqgPXIaNt9A
spotify,https://open.spotify.com/track/3eeQGZexRxnJuCslG7Ydvb?si=6SYmEOl_RimzcneMbRDvuQ
spotify,https://open.spotify.com/album/3DE7aixVSE6DZ6ALYIztT0?si=0KZjuX0KT-Kr2ox31WQcdg
spotify,https://open.spotify.com/album/5WrpCQmbTUZuzNxGCPUFSV?si=tj9Q_D1DTQWF_9_dacJDIw
spotify,https://open.spotify.com/album/619d4uJE3h2rOlw7kmSlD6?si=l8kTFK7pTi6inCt27q_OsQ
spotify,https://open.spotify.com/album/4WsDFcdDl3UU9ztRmyxQQ4?si=xmy-rvYRSjOIMU9SM_9fwQ
spotify,https://open.spotify.com/intl-es/album/7jfexk2w5aDI25njkN0UGg?si=Rzayfqa5RfmDW5yFXib6rQ
spotify,https://open.spotify.com/album/7n57o4N90R6N9m6Sbgqn59?si=GwYfwEITRsSi9nuDkGPU1g
spotify,https://open.spotify.com/album/51wepZm3YvZfvFxiu7D5F8?si=Fpd4byhHRLit0eCjQa0apA
spotify,https://open.spotify.com/album/7E8aakKKUv1LffDtQaaRLJ?si=VESKdnClSaeMD1iU8Ke0jw
spotify,https://open.spotify.com/album/51R5xJIi26jma8Bsr4rsZ2?si=6Zn1oBZUQ6ul53AKAh213g
spotify,https://open.spotify.com/album/6UFAOiLDzOOt75eJhrhFNC?si=JC-_Q98AQXqJM_b320Ia-g
spotify,https://open.spotify.com/album/4WpEzQ3Vc4qG1Ro41EG88K?si=00GLgthlRZiotU5SqKV4ag%0A
spotify,https://open.spotify.com/album/77OI4ZSQBlNQxmXl9P3X2E?si=aOZLzD4IT0WxQfzss2CUuQ
spotify,https://open.spotify.com/intl-es/album/68sHSdp4YABOmihgZ3ATNT?si=RYYz512GSKCpM5fim6S9mA
spotify,https://open.spotify.com/album/058No4Kiz8r284NwzBSBC2?si=L-aatqbyRoK8LTbqoyoOHw
spotify,https://open.spotify.com/album/0z7pVBGOD7HCIB7S8eLkLI?si=CFGmvEI8QKWwZ6uXkWhwog
spotify,https://open.spotify.com/album/2cyPixuhzJiiOzTClfodlN?si=OZBmJnEeQ0eYCHCbfaXlew
spotify,https://open.spotify.com/album/1gNV7gHVMvM1XU0ZxrxRzL?si=Yx4r_JhNRUSKThh0EqGMnA
spotify,https://open.spotify.com/album/32ikykBlOdaASWXlzzoZBt?si=jCvkSB-wQZWhiAuZrvyT_Q
spotify,https://open.spotify.com/album/4J0sq1BDEOPbEsSlAI17u6?si=CibHtzE4SSyTra_e7jICKA
spotify,https://open.spotify.com/album/7zJzNs8eVgbkVVSQSwKRtx?si=CDptpzmfSB6QEvNJtAYgFQ
spotify,https://open.spotify.com/intl-es/track/3E7ZwUMJFqpsDOJzEkBrQ7?si=a4c3b94d69284ad7
spotify,https://open.spotify.com/album/5SyQckhyBiLh1UE7v1QTlS?si=CuXLm4kKSPOAfIBaVPy0Yg
spotify,https://open.spotify.com/album/5PIRdawQqgbshMXBBedm41?si=9YAdXtg_RIylbsnNzpQfrA
spotify,https://open.spotify.com/album/77bg19vNyCWk1NU7MzX8ZF?si=gOOZC91kTEeUN3YOYsY_Sw
spotify,https://open.spotify.com/album/7HvIrSkKGJCzd8AKyjTJ6Q?si=OnDRTX5HQU2pXc_-spDczQ
spotify,https://open.spotify.com/album/4QDHK085r08dWT1GvXmR6F?si=G3CG15MITgu-ipUaQuJK9g
spotify,https://open.spotify.com/album/22DhQS4JH86HBxjN1yHsOV?si=RIDfnlkURq-RXTfV0H9IbA
spotify,https://open.spotify.com/album/1FvdZ1oizXwF9bxogujoF0?si=GhZQJjaKRfWYXIC8SmQb4w
spotify,https://open.spotify.com/intl-es/album/7zz2R2tFnKYHPlQZLHAjz6?si=nGYy2pioS8WVT63_F7SPKA
spotify,https://open.spotify.com/album/3R8phbfheU9iJ1LYQJymZT?si=vodpOryjSxiyjEDsY0KxoA
spotify,https://open.spotify.com/album/7mFeJ2HbEjFZPv0r3BADGv?si=Ngu956SjQGiiU61BkeBJnQ
spotify,https://open.spotify.com/album/09h6y1YlO0rlhgRYkMmlwk?si=a7J-cXgrRxm1GrIpGsw2rA
spotify,https://open.spotify.com/album/2ge6eVAMFNWS5srqDbudEq?si=8Tik7NERSqaiVDe5lhra2w
spotify,https://open.spotify.com/album/3eSySTybl24EWAtnPDcXHH?si=g3MNLBIqTgyrJADW0wxqIQ
spotify,https://open.spotify.com/intl-es/album/3RyH6LSpcGta1eaokn4MCZ?si=Bk6ZSXvjTjupySYPkibDmQ
spotify,https://open.spotify.com/album/0RADUK8yTUBidzBke6Eszq?si=23X3pLskQ_e60hHN0Di77Q
spotify,https://open.spotify.com/album/3AFxycNFN4aa3KmA9wky1g?si=ArC2MRbhQfSPfHzr6SIqfg
spotify,https://open.spotify.com/album/7LWBuJbV4EeOeHHmlDKm5o?si=b7SE_7mPR_WaJ64vy9iYTA
spotify,https://open.spotify.com/intl-es/album/05hQRMPHVJl6OtiYrSIw9j?si=ijabcEiLQA-vCSG08-9gNg
spotify,https://open.spotify.com/album/2Nl46QBIlhZl3M1CDovdDQ?si=P9S8pxKXR2uFwhpUws8YPw
spotify,https://open.spotify.com/album/66q0q162WOFuidbucN1Jdp?si=Gha8Ep80TCSIykzGYI5WAQ
spotify,https://open.spotify.com/album/3uIT4I4Dy7Pq1j0aSjzPW9?si=LBP7TC7nQPi3SxmcPPnZ6Q
spotify,https://open.spotify.com/album/3SQ3eqCxInPP4s4bX4xnC9?si=MTMFltc0QC-qzNwc4kqLhg
spotify,https://open.spotify.com/album/2gLTyiz8ntxDELfULxXUGv?si=x0uIYwruQB-CvawvC7TweA
spotify,https://open.spotify.com/album/6S3ImP8x1UhzBpWpT2wkb4?si=sn9XoSydTz2F1QhpbNN2cA
spotify,https://open.spotify.com/album/6uWGYV8FdHIJD95GRqv3QH?si=Rf22Kx4yQcaCBcZs5l2BSQ
spotify,https://open.spotify.com/album/2HTLCIs9enszF8Wj4fm3IP?si=Vbq6brNFToeaDokX8145Ng
spotify,https://open.spotify.com/album/4qUKzyXuy3GSzQD5RTJLdq?si=4TKI01j-Sa6sfrn0v2Ojkg
spotify,https://open.spotify.com/album/2ThczU7Z83iD3JK3WypK8d?si=f6YQkePjTvaxySlspVxQxA
spotify,https://open.spotify.com/album/4kmcwwhOUWaZEih8UR7xla?si=Hc098ccASwOqzhFACAbniw
spotify,https://open.spotify.com/album/6OYnXEbovw71PBPKVIheXM?si=jR4Hlsc_Tp2I_lltCHI6SA
spotify,https://open.spotify.com/intl-es/album/07m9cMgG70Pznj6M02qvGN?si=Xox3gtg4RE-6Hn0l5n8wkA
spotify,https://open.spotify.com/album/2ZytN2cY4Zjrr9ukb2rqTP?si=f2uQoX7mS0aHyOm9wMQB-A
spotify,https://open.spotify.com/album/0zXeZw0oFC2Db99RqlfHur?si=6GpbqjBLSF6JhiVmnkVyWg
spotify,https://open.spotify.com/album/07Ckd8KDDxcbY5iUXjhuex?si=4LXdPP3XTC2sTLCscK6Rmg
spotify,https://open.spotify.com/album/1eIAY2ik8weD2dPcW6rpv8?si=-RO1kX0AQhavGenPp3wpHw
spotify,https://open.spotify.com/album/0r1ffFQRFvtthTdLV2ZPWL?si=_q10I65GRYmWopwDau9SoA
spotify,https://open.spotify.com/album/0PsH3WANJaTcff9FpPDE6i?si=Eq3KWB7QTvyTT9M-Zgh5TQ
spotify,https://open.spotify.com/album/45WFleOFs1vRsZ6M3ba1W6?si=zDvR_7mIRXW_copT7DN4rQ
spotify,https://open.spotify.com/album/2x4fBy7xBQe7tsKx5nnCqZ?si=vkPyTXC7TbavVyLIZa6oTw
spotify,https://open.spotify.com/album/468ZwCchVtzEbt9BHmXopb?si=B9zqqundRVOSctD9scpdZw
spotify,https://open.spotify.com/album/2Bd03Vcmh8Sl4aCuyTQwex?si=1x996dR8RVeBWmm-WDjARA
spotify,https://open.spotify.com/album/53XWRBDtjcx7ileh52Tc16?si=cMGS-EMvTZ6CDRQ8AdhPOg
spotify,https://open.spotify.com/album/46rFn3rJ8c4kvk8gSsLaI0?si=WsGigm85Rm-cZd2lBqZXoQ
spotify,https://open.spotify.com/album/0Az90oZbalWdPoT2CRWkb6?si=C1geZ0mZS-u9o2ICKvRilA
spotify,https://open.spotify.com/album/3epJTI3g7jmdqWf6BxoDiv?si=q4utJUEOSYC4yasQHaiqyw
spotify,https://open.spotify.com/album/5AZH0mk2rNPG1v8kh6hNMt?si=ZMHv6vt2RISW1xozTaVOGg
spotify,https://open.spotify.com/album/0uULels7IOywrsevmIKcwk?si=6Mq0SeEMTy6Tmlggn2hRuQ
spotify,https://open.spotify.com/album/1oJIFrDoyKF1aV8sq0rBAQ?si=4QPnWoL9TL6_XFYfVMiMDg
spotify,https://open.spotify.com/album/0pCYUpMnAkVNkCNtPluhSC?si=Z1IGqaHmSYi9FMpPV-NSMw
spotify,https://open.spotify.com/album/5iy3qKctiZAsvb2ORx8vR7?si=2T_00r8oSN6ZMFQs7sWA_g
spotify,https://open.spotify.com/album/0nGIYfb1hiKYK3LH1rd8vP?si=kCNNbigrRBaEZK-E7aIE3Q
spotify,https://open.spotify.com/album/4CKrRK52g4mNzbpGIMVbtE?si=JhaM-kKUQdaED34Rz20Cmg
spotify,https://open.spotify.com/album/6MEFBcD0a87GMYiHW3VsVI?si=9jMyO6ogRJWwwpPHxgli4w
spotify,https://open.spotify.com/album/0cQRGxbQARruNlcJps7rhv?si=QoOV3Qt2TeS8tmjK0Xy0DQ
spotify,https://open.spotify.com/album/6OTeqfkwc4RsdWDViFVGNY?si=A1si775SSC-HDfOioNY-jA
spotify,https://open.spotify.com/album/1n7pvXzyXqEDCrCaR7SJbc?si=_v02GxbBS9aeqoL6xmKlLQ
spotify,https://open.spotify.com/album/4NTjxp80h39V8t6S6BmuXl?si=F0uhwNpNTGGp_22jvbL45g
spotify,https://open.spotify.com/album/77cKwHjkQIJHaIcVrdL30a?si=XfOgXQngQQuiMGaJkcmbEw
spotify,https://open.spotify.com/album/7DdEbYFPKTZ8KB4z6L4UnQ?si=2Ek_smN9RH2wOjq68S539g
spotify,https://open.spotify.com/album/54Tzuw0docS29npLiT9D3A?si=vIL5vtgeSOCwh5DblIcgXw
spotify,https://open.spotify.com/album/751S3DWTtH4C5Pfpk4KJ6d?si=efkWB056Rj-5UtDIDAEw4w
spotify,https://open.spotify.com/album/1aLXmOrUcq242ZlFI3DEIe?si=CyXdXtgyTFKhWayrHW1EnQ
spotify,https://open.spotify.com/track/4gb8DDC2lLWHShIE7h2OmG?si=JTwOkboJSb2LSDdLgInvBQ
spotify,https://open.spotify.com/album/6p1XkSCpGjMBt71cbO8ME6?si=QSCYjrewQXyJpU4zDscycg
spotify,https://open.spotify.com/album/6OpGysNNAfnhg2AmrrWH9p?si=jRax_tiOT5615se7FHkysQ
spotify,https://open.spotify.com/album/3FfptCNujIQYHik9qyzV6Z?si=QfzEenNlQSC0LoSxZyuKnQ
spotify,https://open.spotify.com/album/0fV9DAddjwNZcmCP1Q8b01?si=QSERjfIXRa-fwBmRU8GFQA
spotify,https://open.spotify.com/album/5wZtSIvijWCMc1vlPFqAyB?si=7X75zUFCTr6MqSSpys3Z5w
spotify,https://open.spotify.com/album/4XqjkJmo5IHFQEOm8PsGut?si=U7T-Y_fuTtG9NGc1Mm-6sg
spotify,https://open.spotify.com/album/5CW5VVS3wyarpVQcOhDkmi?si=yZWKZoJCSxC9wwPP7s3adg
spotify,https://open.spotify.com/album/5uRI7KHcBALPpwhAB9RKnb?si=hQl3PAZZRc25nrDfHZKdJg
spotify,https://open.spotify.com/album/1mnu4hYvdwQgZXcNvtJ3D3?si=8zXRUfDmQ9-BaQndMGFvLw
spotify,https://open.spotify.com/album/5KJTz1sJnfYjU1vyzUru1d?si=ohe_q2GGQVGq-5TrYYij1A
spotify,https://open.spotify.com/album/2GiS0VlEUYCI5bOv7mf1qA?si=MA1zlZ78TNWh0D8gaChtSQ
spotify,https://open.spotify.com/album/0cX9ldzQG2UYMHo6ILXXYk?si=ovbFYThfReeb4diWMQKRpA
spotify,https://open.spotify.com/intl-es/album/61sGO58ljdDgD4Mn6Bcj3P?si=yM8-N1sgRo25S9UViLDXeA
spotify,https://open.spotify.com/album/1ZhJsTyimzQOzBz6X2XJbd?si=X9Ha1AxKSAOFd7U9nNYq3Q
spotify,https://open.spotify.com/album/0zjoAeov1Bevc3kE1LQIrV?si=Q7PCDkKWROmdkYbY8v6WGw
spotify,https://open.spotify.com/album/0bGCzrvFYc1E61wi9qUnV6?si=S41HqB_IS6K4EUIj5JW65A
spotify,https://open.spotify.com/track/4Q1fQ1NeJdJ0V5iUOP3a7I?si=PSYITgG7RMqZD_DE4XhG8Q
spotify,https://open.spotify.com/album/2dwNxD6zrwPkRJlr08WOKA?si=4QKZBe7gToqImBwZ8BajZg
spotify,https://open.spotify.com/album/1Dh27pjT3IEdiRG9Se5uQn?si=yDX52RwbShWRUeMW5moZKg
spotify,https://open.spotify.com/album/5mi7FKaWE5CtcOjdyxScA7?si=UnT6i_onTnyxKJkbISewjw
spotify,https://open.spotify.com/album/0yvkEhvulQu12aR16YuOg1?si=neiRLC-CS2OHdvYcDofImg
spotify,https://open.spotify.com/album/6deiaArbeoqp1xPEGdEKp1?si=oa0P3IDLSyy3pGwRPjtKrg
spotify,https://open.spotify.com/album/0vAgv1fFn8zW2hbpWJfgPX?si=e41cEIt4SfKfT1aRBPWReQ
spotify,https://open.spotify.com/album/3zjN21kskzXBpoJS1UYaI9?si=2tilse9zRHiFyMJ4QjPOCQ
spotify,https://open.spotify.com/album/1PQDjdBpHPikAodJqjzm6a?si=Jiii7zijRK6cZAxFdQMTXQ
spotify,https://open.spotify.com/album/6hPkbAV3ZXpGZBGUvL6jVM?si=_Hi0TSw7TjKItHczUGJKEw
spotify,https://open.spotify.com/album/1ypBhvMLjdGtOP6t6WBg2d?si=uY-C3rCJT9aMbynVZU4BeQ
spotify,https://open.spotify.com/album/2G0apnLkpsD0kIwr6gH0TL?si=9xX0nAUvS0KYbEQ294RKyw
spotify,https://open.spotify.com/album/2btcqR05m9R18TUjUXOfAF?si=65yHcmmwQaa09wIB8UTH7w
spotify,https://open.spotify.com/album/02QyTzKzXwiArXzdNMmSfa?si=CYUCQZ86Tqi35lJJCEDdRA
spotify,https://open.spotify.com/album/3QC7986avfE5xFICCT2vqe?si=NjgCljKrQDGxjp5CQrmEWg
spotify,https://open.spotify.com/intl-es/album/5Bf5U1Zw9gsJh6bWaM2VY2?si=hN6MJ9dGRmap0zIUAtyW7Q
spotify,https://open.spotify.com/album/3bK58rVcWBh3V3vxMLzi0V?si=QLmSV5VFTnyGRWTMKPt7zw
spotify,https://open.spotify.com/album/74sIm8QdXqFwYeDS7OfYVw?si=n0pnaLVCRSyd4hHgDYu2oQ
spotify,https://open.spotify.com/album/10v912xgTZbjAtYfyKWJCS?si=SpK23UklSceudGTHIowenw
spotify,https://open.spotify.com/album/3tQd5mwBtVyxCoEo4htGAV?si=MMtOwVl0QnCXyNBADQ88xw
spotify,https://open.spotify.com/album/4Q7cPyiP8cMIlUEHAqeYfd?si=d7wJq4XYQM-klaEUeIl1DQ
spotify,https://open.spotify.com/album/6Q8hFdN3wtEDYSvvpONyDh?si=Rd6reL_BTQWw9Q3__OgcTA
spotify,https://open.spotify.com/intl-es/album/5FfhKbBs5wilm53muL9kT5?si=666YqkROTcO-ZSeLzG-weA
spotify,https://open.spotify.com/intl-es/album/7ovbdbcj7WKHQQfvn1TOMx?si=lCeFOs3IQ9WT2iEoJkh6Ag
spotify,https://open.spotify.com/album/4wjb8dytC6imFqPvBoVHsE?si=gEL3ZJ9YTjGUM62csgGL8g
spotify,https://open.spotify.com/album/6PFPjumGRpZnBzqnDci6qJ?si=Trj3jgj-RY2MA2Bla9hs2w
spotify,https://open.spotify.com/album/4kVSEz2EqlbeWbTc5qiFRu?si=SElthIQcTMemquxF_ebaRw
spotify,https://open.spotify.com/album/5owqdiYsub7Bbe47LnNy7E?si=zWWNgoZ-TV-ppccX3Hp8uA
spotify,https://open.spotify.com/album/560eSjVTwQdGVjtmR3O3Cr?si=602gEVIEQQyf_InqMoMOFA
spotify,https://open.spotify.com/album/6mkrR53e4FhE59s92qE0gX?si=nfRct0JESpqquHUg_8AaHA
spotify,https://open.spotify.com/album/0TmPRZoau8M0QIfnMgwrlI?si=8K0zznE2ToeJc13E95Fyqw
spotify,https://open.spotify.com/album/0cBSAxfQBvFOlVTYXihjEd?si=v43pETP-Rj-t7W5UI74Y-w
spotify,https://open.spotify.com/album/27HNh1cyB39ERqdpSjM2i1?si=RisP3qbaSjuDIQ2uEF4fPw
spotify,https://open.spotify.com/album/2Tyx5dLhHYkx6zeAdVaTzN?si=3BkAEfmpQpOFGaQ5jpzhDg
spotify,https://open.spotify.com/album/3ozP3MbrHPgoDRzdPf693L?si=Y10-mBFVQaaxWLCLKPKf1w
spotify,https://open.spotify.com/album/6IpWFkYgfNoH4aAgCfySgL?si=tKKEAs38SKO5vKehaObntA
spotify,https://open.spotify.com/album/6oC9BCN4OyTRRi0S9H4n9Y?si=fbyYXXXIQIitIheQi7XLdw
spotify,https://open.spotify.com/album/52yD51X7yDinwlg6tbCtpP?si=jY-ypYwSTs-eeOYyrjuKwg
spotify,https://open.spotify.com/album/1klALx0u4AavZNEvC4LrTL?si=ogqySRNqR5-pWsUYADbzdg
spotify,https://open.spotify.com/album/5MG1TRkyivpLTt4hAACsXQ?si=CAzcDerLTVuNQcQFsJcMrQ
spotify,https://open.spotify.com/album/5LISbbfvW6N9eG7IV85EdW?si=R81HiCBeR2qqRSpqPVwd4w
spotify,https://open.spotify.com/album/0SeTonJJPjy57LqiCDmeEM?si=GChdYepfTlCt6LS6o4YRQQ
spotify,https://open.spotify.com/album/7s9qCF31WJcVQf8okNTBAl?si=hgjTdZBDSauxhqIyeatPHA
spotify,https://open.spotify.com/album/4gKa7wOYqksh8CshKQd9yT?si=7bB_6QKcSA6NXWYTuZ_LXw
spotify,https://open.spotify.com/album/6P2EO6BdtOMxXXoP8oiifP?si=sm9ls-7MQyedzL8Ql_AvMA
spotify,https://open.spotify.com/album/1LTB8S4XXajOZLw4g6Wox8?si=UihZv_k8SJeyQEhW8z9f2A
spotify,https://open.spotify.com/album/4agUniovdijNcGf3blcYQM?si=_Uc6XckdQoC1pdXMcBuB0Q
spotify,https://open.spotify.com/album/6RLbxTFNQhPeDOai3iFZcC?si=C1oCj2dDQg-0ETq0Iideyw
spotify,https://open.spotify.com/album/7j7lsExGJtBHLgDYzjclwk?si=ZMQrf8qDTumuXlm0Divqww
spotify,https://open.spotify.com/album/0ht0PyiPPsG3mYqvFhTfgD?si=ZvYI9XvbTvOD7Rgsqpmi_g
spotify,https://open.spotify.com/album/5uFCdSiMEKVDWY5TQ3eEmY?si=ipJ0SXSYTmuBE1-H0dIHLw
spotify,https://open.spotify.com/album/3GmKXZDkPZJQqOnQjdAtdO?si=aJqtGGS0SwydLsLfTAvzAg
spotify,https://open.spotify.com/album/3SUEJULSGgBDG1j4GQhfYY?si=_X_w8bIxSvqZMTVNJArVzQ
spotify,https://open.spotify.com/track/7wpXQks8k9uwWLOGctNnRP?si=-mT3ftDCSlyuGWKofI5NZw
spotify,https://open.spotify.com/track/4Qrh0dvbinSVxnpy2sQ3l2?si=T3kRIar9SnWu0nWITLXZGg
spotify,https://open.spotify.com/track/7xV3GYosjskx88zxrGL5hN?si=b8qp-72fQ2KchzLseVL0Kw
spotify,https://open.spotify.com/track/6oWpeDLUO0AHuoUPUBrUZa?si=52HFEzPBTs-HtA4B2kFCtg
spotify,https://open.spotify.com/playlist/32zjOd34gpfP219cZtJToM?si=gh_xnpaHSH2RwcSKgxgdpQ
spotify,https://open.spotify.com/album/4KJGypBUe7ANibtri1msUe?si=J5YgEaJERM2o2kDBWA4Wvw
spotify,https://open.spotify.com/album/4AzWT0gVzSs1NwZnuFPOlH?si=ac8q3XBWQUS6wcuNB1UE6w
spotify,https://open.spotify.com/album/19DOARmoP1fongIfEjg80g?si=Yj4GSUNKSCGwWRdK4-pTXg
spotify,https://open.spotify.com/album/6Xvc1TfpVEhDeHhmTQEtp0?si=3hoviaacRvy-JOzJitB8XQ
spotify,https://open.spotify.com/album/4YArB2Q848BDmmwUUumEFP?si=iJ0Cci1YRbe-Lqz6BAVZ0g
spotify,https://open.spotify.com/album/5FiDVzxLqGtYjF5yzmMoj4?si=66b3K-woSsWj6WeXwgF0Jg
spotify,https://open.spotify.com/album/70OkRXiiwdTCtZ9YiPBzPp?si=-w6ZRsU1SOe3iNauzij40A
spotify,https://open.spotify.com/intl-es/album/2RA3CTjp2GVsJ3Jm0Fwewl?si=nyVRFPQpRDG1f0augvAckQ
spotify,https://open.spotify.com/album/6LBaUYi0ErYLvDPHktqyzZ?si=mZPzm_Q9RE2mNQfMWJMljg
spotify,https://open.spotify.com/album/1PRvYCv9h0rlR4AP54yOnN?si=jRoVE-e7R--xknPqLV0UQw%0A
spotify,https://open.spotify.com/album/4aaJ8ggCf9cKIlGUBKvHkq?si=shZY0t-hRquPl-vLtk-i-Q%0A
spotify,https://open.spotify.com/track/5TEP4YcPVvBYAbJXrTTced?si=svpsmKf-SMGQrFpjTHfSiA
spotify,https://open.spotify.com/album/07YS7ooqYtvPZLlW59MHY5?si=N3Y-29I4SWqLhnNC7m0Vyw
spotify,https://open.spotify.com/track/70gbuMqwNBE2Y5rkQJE9By?si=DF_U6oa3T5exso6ykdPsUQ
spotify,https://open.spotify.com/album/6AFLOkpJjFF652jevcSOZX?si=EOhnYbTOTZmercaQlh4N-Q
spotify,https://open.spotify.com/album/0FjHy5dCyVROqDUl6f2VTK?si=_kRc6lBvTD-zakAd9DNW6A
spotify,https://open.spotify.com/track/5jR6zOQf3HtU2mifXWg6hE?si=5OfYjwOmTvWhT8qZmY40uQ
spotify,https://open.spotify.com/intl-es/album/64J8girYqmK86ebqBayrjQ?si=yty7LaPwQbiW3scmp3xC6g
spotify,https://open.spotify.com/album/6G3EKAe7lqV1xYaLGxow6O?si=BnDt_TgdQTy7dUJRvHANnw
spotify,https://open.spotify.com/album/2M6rjUsC2T3KJ8Ku2uTTQG?si=Wc4JsbdqSGaum1ZMu0xClQ
spotify,https://open.spotify.com/album/58NXIEYqmq5dQHg9nV9duM?si=KrQK-ETWS7iYSeJUqAWv7g
spotify,https://open.spotify.com/album/1rQys03txxThcRZLofLlHY?si=N8vZq2guTnilwNKTUbsR4g
spotify,https://open.spotify.com/album/3mGbYjpwZAseVYLmQakxcL?si=ULPWeelOS_aiJVyy2ZVZ0A
spotify,https://open.spotify.com/album/5xiubACs5bS6jPwrKE5APu?si=3vpHwcJBQmqvZFfDzvzfxA
spotify,https://open.spotify.com/album/6YRSguBqTTkCNMFprOLVo8?si=oPYgxqq1RUG9OHBMFbfKNQ
spotify,https://open.spotify.com/album/0yBlUg27MbywASeGd1uNIA?si=rZP_nVYVQJO81kAuTbUuYA
spotify,https://open.spotify.com/album/4jH5VMBiLa3LqYASv9QQWK?si=QODo7iCPTfWFzliAxB5bhw
spotify,https://open.spotify.com/album/2qdNHigKoFUZtBlnXlYiwb?si=ysU2baSTS7W3GKTR2Z1pMg
spotify,https://open.spotify.com/album/0OiWmi1Jt8URgnt8SS4YtP?si=0lWoaNJmQyGXambcjmDjJA
spotify,https://open.spotify.com/album/57at7tW4VE2IBRXADb4qFv?si=ieNaQxgfSwaGMj_sXXs6HA
spotify,https://open.spotify.com/album/0bQglEvsHphrS19FGODEGo?si=0mBbSRuNR8-3fIqUeknEJA
spotify,https://open.spotify.com/album/00VbhHH99yM6Lm2wW2XQzJ?si=C99TvWHhRdm4XgdkZLMLMg
spotify,https://open.spotify.com/track/5RjYXxCs9wIuNMzP55zwS5?si=1URHDeTsRIihHA-ykmSaCA
spotify,https://open.spotify.com/album/5zi7WsKlIiUXv09tbGLKsE?si=3DsFUm7VS66OajBkgEa-Vg
spotify,https://open.spotify.com/album/4aU0IskamHowhfX32VhfSA?si=rIQmZKNOQT-Lo8hl3WA48A
spotify,https://open.spotify.com/album/5m6jcKfJ9moQxYLIRW2o0R?si=lmACN6pUQ0G0seyvBkSQCg
spotify,https://open.spotify.com/intl-es/album/28YGYZ4AKU4EYowB4ww2qX?si=abd4241874c4418a
spotify,https://open.spotify.com/album/6uTPST1DMZepRCv3m5IFdY?si=Gls73feBRWSj87w9NrgYAg
spotify,https://open.spotify.com/album/2MGzUzgochGrucrsYGt99t?si=SPYm0JstRM6v-b7xuC8DiA
spotify,https://open.spotify.com/album/3aAJ9nDrfU80iHeJOhp7WU?si=R0Q91plzS4uH16keVHxPfQ
spotify,https://open.spotify.com/album/3nLVuPU1dpYFXsc9zzKvwM?si=ONl5mXQJTK6jVNMj9uxM4g
spotify,https://open.spotify.com/album/0i2Y8YNiC3oQDFIsgWI3cP?si=hU5EXs_jQ3q9qKBp21PeUg
spotify,https://open.spotify.com/album/1QCLzpRKI9Se9KHMth7q1O?si=GQ-lT3TLT56GJXGOcj3xQA
spotify,https://open.spotify.com/album/0PTOO8ljOuyRSafzWzcvGE?si=nbk3B8WQRmCBzm_RWiY8_g
spotify,https://open.spotify.com/intl-es/album/3gr2zAgErmDyi3qDTxoh7b?si=MdB341E0TgyS9QT74Oby7Q
spotify,https://open.spotify.com/album/2f5qnIY25w34lPW1QXfaed?si=j7GcaSIqQdWiXsc_RnTkmA
spotify,https://open.spotify.com/album/1QgFthItpbxvMXlgGjvhBR?si=7uVYA0GgTwOEceAbu5DvQg
spotify,https://open.spotify.com/album/0DOXzXXIHrYOxUvyCsucfX?si=ApnDA0KqTe-Zae3E0pHuKQ
spotify,https://open.spotify.com/playlist/2dPHknCizLShDa3J4B2JEh?si=I9dg_GWmSJewe5mDOhPBMA&pi=ks1gx7TuQpq8b
spotify,https://open.spotify.com/album/6q1ZuWCnYTQb7KhXHZo947?si=h6OrOnARSxSXM_pUAg1nLQ
spotify,https://open.spotify.com/album/5xAxs3wpW1tw2eguqkXEBq?si=MAokd3yqRl2dDRhFyog9tg
spotify,https://open.spotify.com/album/4xhZ3vSDxAYlXCuorMDAbV?si=N33vGj1NSq6mwmWS7Bujig
spotify,https://open.spotify.com/album/2PfGKHtqEX58bHtkQxJnWG?si=hAbXEa1eRjOFZcCkOxyyuw
spotify,https://open.spotify.com/track/4J7s7j5ulwElPG7HaGQDXR?si=BYiOGrt-RumAL9Pz5BGXrg
spotify,https://open.spotify.com/album/5viZ5HyYtV0wafK7DoXmgF?si=QVM8B-IMSXOWeKq9B1A5-Q
spotify,https://open.spotify.com/album/1hOK2ey9W76x9GnftSRgrw?si=BZmDUElsSHe0DYKyE9brmg
spotify,https://open.spotify.com/album/5zrJl0H3ki5RjJk4XtXJEg?si=nHabNAurTo2U-aybIjU0ng
spotify,https://open.spotify.com/album/1mrhahrlJu5JfzgeV6Cy8t?si=BkO1iBfXQDmpDusRU1daDw
spotify,https://open.spotify.com/album/4Dp3xrRiJ7yowuIvgSEcMW?si=RS-A96SlQd696qOJOM-JmA
spotify,https://open.spotify.com/album/4P0BIG2LMTpZCRY2McxoHN?si=AoCcnIcbT8i1gC-fXiAu3A
spotify,https://open.spotify.com/album/481bkMZTInTiYnXoUS7GFX?si=pdW5E47_QHCDfKaC740dkA
spotify,https://open.spotify.com/album/53VvBltHGL8NRQ7XtBNn29?si=gTNv6gbzRIKDctZLp-BbMw
spotify,https://open.spotify.com/album/0fXZAZ5XejnxhgRV38SH5I?si=1H62RmTSRWWjid4RZ4sBCQ
spotify,https://open.spotify.com/album/0DnyXZgdqGwp64JNRfcMc4?si=-QNRBRoSSburTsi8ob7JoA
spotify,https://open.spotify.com/album/3rlbkEI6u5SrtvyKRXdQeR?si=KniXIU41QmW9Uuas089LpQ
spotify,https://open.spotify.com/album/7ap2sARnQnkhfbUxYIEcu8?si=6aK6mrTPR_mJ1iQRaQ6paA
spotify,https://open.spotify.com/album/4EnNuo8fG7dMoxMefbApRY?si=p6GkGy0MSaSkMD0dAwb_dg
spotify,https://open.spotify.com/album/0PhDhTEgxjErNiCZbytbC4?si=_P9NLkPdS6C_pwOwvf6LmQ
spotify,https://open.spotify.com/album/5cOS6szqlcoqmiSoVTqqe8?si=NYl0UsFITwCQCLAnsZiwyA
spotify,https://open.spotify.com/album/3ifA4OUPiT92YB4vYtAdVh?si=CJ8_yzsERnmjXLKpyS1mCg%0A
spotify,https://open.spotify.com/album/2jzcX4wSre5bLhPltTFlC5?si=Q3eEOyg7TYCHrWV-pgjVUQ
spotify,https://open.spotify.com/album/3o5EnVZNJXtfPV8tCoagjI?si=OgOxTUw7QUavzVGhEKtxKg
spotify,https://open.spotify.com/intl-es/album/52LNGLSzqaYH06Doay6Om8?si=wC44w0KNTMmaBeFFH6Rwdg
spotify,https://open.spotify.com/album/1N1CjLeZCvwBqtPGO19rlU?si=o-d6mH4vRtORaHc8Vyj61g
spotify,https://open.spotify.com/album/0n9SLP9wdRKaNNPU79lr8A?si=-67eJPvSSeeKhLlXIBuQMg
spotify,https://open.spotify.com/album/6XJZInF8Eg8hLBGNKTeHEI?si=-_BZ3SqOTdWW9Q0yR75arw
spotify,https://open.spotify.com/intl-es/album/4FCoFSNIFhK36holxHWCnc?si=aIiRtKP8RzaGZcQW9gL5sA
spotify,https://open.spotify.com/album/0qEFBc1vFrht5VXRxuVOHM?si=rXKIyH9nR-yxkBAQYOkAQw
spotify,https://open.spotify.com/album/2F9AOwxZHFbkLgo8s7E3zd?si=U7-31mh6RAKwL8fluov4SQ
spotify,https://open.spotify.com/album/61WFjYXYbjIbNQJSg2eKMl?si=OkaqpyXnRcW_B-gjwMbjbg
spotify,https://open.spotify.com/album/08WhOkH7KtcbYzyxfMuV2R?si=uoXL7bEDTGO7wwd33O5S9w
spotify,https://open.spotify.com/intl-es/album/3WBjJwdZigux7YnXUax0Gn?si=dRSC1pi1StmfA0N4gBn4hw
youtube,https://www.youtube.com/watch?v=uJZHm5_i1vI&list=PLrVoteC1udtGrfwYK1AcGJ3rGT8t1OPod&index=1
youtube,https://www.youtube.com/watch?v=HInIAn4okT4&list=PLsv471W3Q4W2Jlpt0lrWYHjRC6TlCr7jL
youtube,https://youtu.be/GwWv-T4rM0k?si=oAxwVMsLMbQOozJX
youtube,https://www.youtube.com/watch?v=JB3KDt78tUw&list=PLiN-7mukU_RHOGWSeZT2f5AKd8owerwDU&index=2
youtube,https://youtu.be/EUVYgac6htQ?si=-JJUCTpj-ZdhjZbZ
youtube,https://youtube.com/playlist?list=PLewSiclfI4jwX14JAc9gYIE_sLDuVji2t&si=7x1OgeBoYk716jEC
youtube,https://youtu.be/0BZhPIut3U8
youtube,https://www.youtube.com/watch?v=Y7EGQzn8e1k
youtube,https://www.youtube.com/watch?v=Jpu0JZxDz-w&list=OLAK5uy_nY4scxZPU0EZ0l306N6A-2qUfnIzQ6GK4
youtube,https://youtube.com/playlist?list=PLA823B9C5EEDEFC2C&si=pvQdQer5ZCOEu9bR
youtube,https://www.youtube.com/watch?v=qt7wR0VEEXQ
youtube,https://www.youtube.com/watch?v=hH-zs1CXP3E&list=PLgq5EK55CawWqjkCmIjpZS2FYfQIBpC15
youtube,https://youtu.be/VRGYx0gSMJ8?si=A8lReLwqRhSV_3nC
youtube,https://www.youtube.com/watch?v=16i1WNmXn5Y
youtube,https://www.youtube.com/watch?v=PmagiOJgpKw&t=
youtube,https://www.youtube.com/watch?v=S3EKEwMXmXY&t=1519s
youtube,https://www.youtube.com/watch?v=QTskdzJ1VCE&t=2038s
youtube,https://www.youtube.com/watch?v=UxKVMd0gc20
youtube,https://youtu.be/CTqKH6BV7mk?si=qYajd6hoOqJq8xjC
youtube,https://youtu.be/O8-MdQNoN68?si=HuD_CrnLuTdXeTUK
youtube,https://youtu.be/7wes-oQTroc?si=y0jy4mrypqFlMgjF
youtube,https://www.youtube.com/watch?v=13LNt5innaI
youtube,https://youtu.be/KL_cynnkQ3E?si=IrAu649H-ljBDajR
youtube,https://www.youtube.com/watch?v=msMsKcALtrk&t=342s
youtube,https://youtube.com/playlist?list=PL0POaZJYNdSuwMW2XLjWraIkgXoR7ok0M&si=-jE_EmDZFtzgmBBL
youtube,https://www.youtube.com/watch?v=LdyabrdFMC8
youtube,https://www.youtube.com/watch?v=wTkmuDZDzIQ
youtube,https://youtu.be/Z0AIu63Nmj8
youtube,https://www.youtube.com/watch?v=lhVeE3N3Rcw
youtube,https://www.youtube.com/watch?v=AlhKf7FM7qs&list=PLC42941F32F7A6489&pp=0gcJCV8EOCosWNin
youtube,https://www.youtube.com/watch?v=MO_lCv_rS7s&t=154s
youtube,https://www.youtube.com/watch?v=laE5XzUKbUA
youtube,https://www.youtube.com/watch?v=E-xIriXUqwo
youtube,https://www.youtube.com/watch?v=wDfXqhn8tvM
youtube,https://youtu.be/CYEqjcI2_fc?list=PLSpD8DHLVDm0mo63sjmvPj0LSOnM8CUq-
youtube,https://www.youtube.com/watch?v=Bg_6CWcJqNM
youtube,https://www.youtube.com/watch?v=Y10ZbXSW1Go
youtube,https://www.youtube.com/watch?v=i653lJCPnzA&list=PLke4g-fS3LOaaUgmHkFiQ8K9Bww8dfKTf
youtube,https://www.youtube.com/watch?v=0NATBdWv7-A&t=99s
youtube,https://www.youtube.com/watch?v=pPmjn-hJaq8
youtube,https://www.youtube.com/watch?v=ypdyrgvw89U&list=OLAK5uy_l8sVqyDw-t65e5OjWgyB3mXLiD4HhzbYc
youtube,https://www.youtube.com/watch?v=aE8b4VyY6ck
youtube,https://youtu.be/GnEmD17kYsE?si=1p05BIGEUPSLCFx9
youtube,https://youtu.be/1XYMzAIj7BQ?si=YvdcPqhCHenDwERo
youtube,https://youtu.be/dUzyIrVbj0w?si=Vb9d7bN4anycL6F9
youtube,https://www.youtube.com/watch?v=hzGmbwS_Drs
youtube,https://youtu.be/ltZ51ImoacU?t=42
youtube,https://www.youtube.com/watch?v=jhDl4IDfYOg
youtube,https://www.youtube.com/watch?v=F1hQdBnjoEo
youtube,https://youtu.be/c5Hn34e2IyU?si=3bk8ThuBfsxo0az7
youtube,https://youtu.be/15OMzNz1Glg?si=qAWpvneYPvj6Gnaw
youtube,https://youtu.be/mbut3kBf4ik?si=29SWm7qtkUCx1gG2
youtube,https://www.youtube.com/watch?v=Y1S2MKxNX_I
youtube,https://youtu.be/0wbKjjS9T4o?si=H75-_ncVfH-QDgfZ
youtube,https://youtube.com/playlist?list=PLvXYyNS0emzrC5HbcjDo6umq6hxMNCCye&si=FZJH0kCFFMYssNjK
youtube,https://www.youtube.com/watch?v=CV9tuPyqSfc&list=RDCV9tuPyqSfc&start_radio=1
youtube,https://www.youtube.com/watch?v=GE92AFVW428
youtube,https://youtu.be/Qbwm5Kguksw?si=Dxh8uX2VS_QGmwvO
youtube,https://www.youtube.com/watch?v=rPH5YjDkQ1k
youtube,https://www.youtube.com/watch?v=nqPoES9qZPQ
youtube,https://www.youtube.com/watch?v=wN_XFm7Myus&ab_channel=MysteryCircles
youtube,https://youtu.be/qJQHjy9p_rk?si=vEka1B4cFKDLvEwG
youtube,https://www.youtube.com/watch?v=jjDknFLE1Uk
youtube,https://youtu.be/A2BUZrs-YfM?si=Zy1C8eV7loso_ahB
youtube,https://youtu.be/L8WIy-hplTU?si=XT3Q7Kf1iTFeeeAk
youtube,https://youtu.be/G5Tkcx18904?si=J8N0oAnzXwTXsfK2
youtube,https://youtu.be/p_lmeRWmZzQ?si=1gibOL36ywbdToia
youtube,https://youtu.be/vUwrzvmMTWQ?si=Y88voSYLeJya5y3a
youtube,https://youtu.be/N8Sy1QsNo24?si=wN3UcaAKl85o71z0
youtube,https://youtu.be/nkCwGCDaaZ4?si=68Ok9CiTxQY2DgPG
youtube,https://youtu.be/wiih44Gfi2M?si=lB0Hy0DKcW1uOg-g
youtube,https://youtu.be/WigtpRE3oc0?si=_-wOfkhjODHN8Bfz
youtube,https://youtu.be/anz31apxR4w?si=H_xv2186RRSYwkJv&utm_source=ZTQxO
youtube,https://www.youtube.com/watch?v=u5r6tanH3sg
youtube,https://youtu.be/xCS6flPPli4?si=DX42X0Ubr1BnJ5SV
youtube,https://www.youtube.com/watch?v=5spXhAM0xDA&list=RD5spXhAM0xDA&start_radio=1&t=1103s
youtube,https://youtu.be/r6qvXD09DtE?si=RDO4DH3hDRU_L1so
youtube,https://youtu.be/WZfpWsf7P5I?si=EhZnhpGf_I8ZFUAN
youtube,https://www.youtube.com/watch?v=1Kcp8uOqtJs
youtube,https://youtu.be/PUdHox_D0PY?si=K1P5jCpwagfi6JH3
youtube,https://www.youtube.com/watch?v=kaQN3I-_Sp4
youtube,https://www.youtube.com/watch?v=SxejYsx71dQ
youtube,https://youtu.be/j0WWCigBkr4?si=2pISZJ70C1N8lG45
youtube,https://www.youtube.com/watch?v=zcuKyuDrcoQ
youtube,https://youtube.com/playlist?list=OLAK5uy_mJK6OWyamT2IsY79trrMqj-N4yN1_j42o&si=-0yx1-0_bb043-ii
youtube,https://youtu.be/SL7q3umH6t4?si=tbLCvxDzXKuuS87A
youtube,https://www.youtube.com/watch?v=ZUOi_YEyjNE
youtube,https://www.youtube.com/watch?v=TaBgZnScmY4
youtube,https://youtu.be/QvEf7P6azt8?si=5Wjzy2locQTk8DNz
youtube,https://youtu.be/X1ihPa2BfSM?si=8Eg9SY9LUtBym8kN
youtube,https://youtu.be/1uBPde-ZxMI?si=K20RgUw4TaSEqSM3&utm_source=ZTQxO
youtube,https://www.youtube.com/watch?v=6DL5LZDDDdc&list=RD6DL5LZDDDdc&start_radio=1&t=37s&ab_channel=MusicNLife
youtube,https://youtu.be/dD0WSPdsj6Y?si=3CxOBB7wDhVZpUCO
youtube,https://youtube.com/playlist?list=OLAK5uy_kJNCBJx7f919MtZpvGjHQkoJ4w9J8jh5w&si=CohPC7KxgTGN7R89
youtube,https://youtu.be/MNBD1QBAYco?si=vhEaEqQRvcwCqarA
youtube,https://www.youtube.com/watch?v=oOorj-i5Tk8&list=RDoOorj-i5Tk8&start_radio=1
youtube,https://www.youtube.com/watch?v=Hu4dTob8avQ&list=RDHu4dTob8avQ&start_radio=1
youtube,https://www.youtube.com/watch?v=A6V564FvWig
youtube,https://www.youtube.com/watch?v=VKLrIoUUWy4
youtube,https://www.youtube.com/watch?v=6PCblJMtIfE
youtube,https://www.youtube.com/watch?v=K3lgmnsTdcA
youtube,https://youtube.com/playlist?list=PLmBwK3xpPW51LkLitbnPh_vdy2VIyXrhz&si=S6_MDi1wcOnCTIMp
youtube,https://www.youtube.com/watch?v=O5yp2_L9V9A&list=RDO5yp2_L9V9A&start_radio=1
youtube,https://www.youtube.com/watch?v=RMVKyo7xF4k
youtube,https://youtu.be/KcZM10HqKEA?si=KY5A0wT0gwnWhsEp
youtube,https://youtu.be/0B9qTHS5ZsM?si=0WZMvIwHjc3wsVt8
youtube,https://www.youtube.com/watch?v=KqLtvGapDaw&list=RDKqLtvGapDaw&start_radio=1&t=479s&ab_channel=AlfredoBela%C3%BAstegui
youtube,https://youtube.com/playlist?list=PLKLuF0UhNfTEoJ9yqH8ReiPCqSSUvUvWA&si=alJQTKc_mAbkZK_l
youtube,https://www.youtube.com/watch?v=i5SpdgWwPiw&t=775s
youtube,https://www.youtube.com/playlist?list=PL17dSU_BtElcAeciDWLIMOyDhPzjD6LFw
youtube,https://youtu.be/Xf0zMYPmTGg?si=LiiLTNdFET5hzGGa
youtube,https://www.youtube.com/watch?v=d5OfHclDkz0&list=PLy6o1t34gAH9NWjvUrFQhUE1CDIgk_vDn
youtube,https://www.youtube.com/watch?v=P7j2DatTXxo
youtube,https://www.youtube.com/watch?v=jL36ypPJnJ4
youtube,https://youtube.com/playlist?list=PL9tY0BWXOZFthbMAh1WrMDEho_wKVSM_1&si=x_6h5X9q5Ac6dEU7
youtube,https://youtube.com/playlist?list=PLHh6WSgrpOA7Qlao3zciBIY3Om7yZHKQX&si=ue0Euq7KySi_I_6J
youtube,https://youtube.com/playlist?list=PLzO5oenobnc7QVek7HJsaZHBFDg_AHZ4-&si=Iq9HRr6-TyphZ16V
youtube,https://youtube.com/playlist?list=PLMHI9prmFoHIyS4bu5k_VCbPZy9TI7AYd&si=rgN3l7ZyxkPmRZfe
youtube,https://www.youtube.com/watch?v=Wq50bbTA2ZE
youtube,https://www.youtube.com/watch?v=GtHe4bc4q70
youtube,https://youtu.be/S00QHjIhDfk?si=eAtpOyw-BrQvPajB
youtube,https://youtube.com/playlist?list=PLG3BG6P7u9CSM_5rYuJM67qqr0WJU0f7h&si=nriV9ne-3mivesuo
youtube,https://youtu.be/JCFNSMPU-OA?si=znqewF2lvDH8mbqx
youtube,https://youtu.be/Ko9p_LL-iiM?si=8Rw2MUOBWmCvkE6g
youtube,https://youtu.be/LMq_lFB1SkY?si=q0Sa8id2Pbpng89e
youtube,https://youtu.be/L0MPZgfu93c?si=z7dpdyGTNRd1enEM
youtube,https://youtube.com/watch?v=Si6jrxSuRuk&feature=shared
youtube,https://www.youtube.com/watch?v=q9BophpWXA0&list=RDq9BophpWXA0&start_radio=1
youtube,https://youtube.com/playlist?list=PL3ZDQRuXoPKprSWNgFjE6fAQu-Vkf2A7G&si=leVMlW_-kpTmP8sd
youtube,https://youtu.be/eWNbYBTjQPA?si=WiCaFoMhVVLVhSI1
youtube,https://youtu.be/IcVPPrxw__M?si=sUoMZOliuKjE7tf3
youtube,https://www.youtube.com/watch?v=5qSs4IV7mQQ
youtube,https://youtu.be/E5EvvxkrpC8?si=oFTVah6Imw-Ca12X
youtube,https://youtu.be/yJj24t6nOn4?si=3zqLWADNbjLxux-R
youtube,https://youtu.be/YPyXMQhQ9Y8?si=1xGe3MgDBbRi2DYC
youtube,https://youtu.be/56yRT-OYZ-M?si=JeaDJkjyexJFnXzV
youtube,https://youtu.be/8iY3g4EYV64?si=x9QP9hAem1SANf0Y
youtube,https://youtu.be/om8mHrodiZQ?si=RvH_v3_NjZiCqtK8
youtube,https://youtu.be/2WGb_9UW6EU?si=161J63a-Q3qJ004v
youtube,https://www.youtube.com/watch?v=fP_UJEniNhM
youtube,https://www.youtube.com/watch?v=2S285bRzSPo
youtube,https://youtu.be/a8ThjZsgvEI?si=3nq9RhtcggLs4UKs
youtube,https://www.youtube.com/watch?v=h0-k7vW9Xek
youtube,https://youtu.be/IlcHqwR0Ijg?si=r3PipbE6YPV7mUjv
youtube,https://youtu.be/tfHqGHc5pJI?si=xYXzxXKcX0tvi-c3
youtube,https://youtu.be/m6fP9fWcaPE?si=mOdoCj4Pvf8u9mC2
youtube,https://youtube.com/playlist?list=PLPPy2k4u_UQEKwLqT89-gJ7tPEGUb-bG0&si=VdzzkB1COqTLBjZ-
youtube,https://youtu.be/waYRxXNXRK8?si=4kZWyBY2omk9l2Ya
youtube,https://www.youtube.com/watch?v=U4hJ3i40cIA&list=RDU4hJ3i40cIA&start_radio=1
youtube,https://youtube.com/playlist?list=PLCZm2iClRjPiLkyYmZTgDSKv2Zwy7YwZP&si=hXqVgPpTmCvptQq7
youtube,https://youtu.be/YyJpH6R6RMU?si=LEYN1nIlCaRDv5OC
youtube,https://youtu.be/LMXSgI36Ngg?si=xP2dGc-igxq5HvDT
youtube,https://youtube.com/playlist?list=PL0wwRpavggA4mOLhV_Y3a-NEt8L-cBOp5&si=5tK-_tpfJh9-UmZB
youtube,https://youtu.be/DWnmzagelp8?si=EyKfNIOz5UCB_flu
youtube,https://www.youtube.com/watch?v=-Bi2nc_De90
youtube,https://youtu.be/ftRK6fzX-Uo?si=M4GVIZ6KGWxeifB8
youtube,https://www.youtube.com/watch?v=Ko9p_LL-iiM&t=1651s&pp=ygUbaGFpcmN1dHMgZm9yIG1lbiBmdWxsIGFsYnVt
youtube,https://youtu.be/-TOXwru_UX4?si=vkkevolZuo8JTJLh
youtube,https://youtu.be/F-SlAavwXGw?si=1RkUp-l5TcoyadnB
youtube,https://youtu.be/vymTu-4ZP0A?si=7FjCjJHZpm395ls2
youtube,https://youtu.be/cvh5mKrYf8Q?si=CP5EKnbhRXzR6A5a
youtube,https://www.youtube.com/watch?v=bSkVC2IO5rI
youtube,https://www.youtube.com/watch?v=9JKO2qCTXNA
youtube,https://youtu.be/bJ2FX-XLrO0?si=dnpicQVR1EjcRLqD
youtube,https://www.youtube.com/watch?v=Ixlm3Tx4lFE
youtube,https://www.youtube.com/watch?v=ps-t4W2T_rc
youtube,https://youtu.be/i3FACTQ0izY?si=ijBSvLYafOU8FLK3
youtube,https://youtube.com/playlist?list=PL639D8DDB4C01DACE&si=6f9fFkE3k83Rtwtc
youtube,https://www.youtube.com/watch?v=QYAv3yKwgcw
youtube,https://www.youtube.com/watch?v=XKXX0BFDmPI
youtube,https://youtu.be/Od8LTTBY5E4?si=gGW1gtEcZ9xmkbxF
youtube,https://youtube.com/playlist?list=PLup2m3aSSaPB-D-ONWoQxe0nX2-5bXxXc&si=2hGaWy_07wzp3VWp
youtube,https://www.youtube.com/watch?v=3nwTYFcBUnA&list=RD3nwTYFcBUnA&start_radio=1&pp=oAcB
youtube,https://youtu.be/vUc7zZjRYRM?list=PLSW3nZUpCk4oJHytvj99MFk8nqqRlx78-
youtube,https://youtu.be/mAAG01YzxaQ?si=icR6i3psSORPVWkc
youtube,https://youtu.be/dy5UOhZ1nWk?si=mQTAFkAqnAQ541aH
youtube,https://www.youtube.com/watch?v=gUPGLYYT4bc&list=RDgUPGLYYT4bc&start_radio=1
youtube,https://www.youtube.com/watch?v=YY0u4K1qIVw&list=RDYY0u4K1qIVw&start_radio=1
youtube,https://youtu.be/q1XYdEeSBMM?si=YwIfNbNSMvnYEEb4
youtube,https://www.youtube.com/playlist?list=PL50MUFFJt1NINhoIax5rsbk3KjPCtC6Mr
youtube,https://youtu.be/9RsZifvSVSI?si=f2tvO7k_EoAvE6Fi
youtube,https://youtu.be/tKq_Zuyp3Y4?si=qIAd4Ou0zIDsTno9
youtube,https://youtu.be/LIEEUrFgMz4?si=KvTJ94yXc9IE8rP0
youtube,https://youtu.be/gX-dAu7zhGw?si=naMvRL5JySh2xW9i
youtube,https://www.youtube.com/watch?v=M8_2lYNURu4&list=RDM8_2lYNURu4&start_radio=1
youtube,https://youtu.be/f_InuMttBTE?si=sB9zMf-552XU1HVr
youtube,https://youtu.be/f_InuMttBTE?si=sB9zMf-552XU1HVr
youtube,https://www.youtube.com/watch?v=cjqeM44sJuc
youtube,https://youtu.be/Nhak9bEyjwA?si=OwyZrnqc6TMWreAu
youtube,https://youtu.be/UTbd0Ncsyus?si=pKaRKPWFpWW4HJwX
